track_genre,acoustic,afrobeat,alt-rock,alternative,ambient,anime,black-metal,bluegrass,blues,brazil,breakbeat,british,cantopop,chicago-house,children,chill,classical,club,comedy,country,dance,dancehall,death-metal,deep-house,detroit-techno,disco,disney,drum-and-bass,dub,dubstep,edm,electro,electronic,emo,folk,forro,french,funk,garage,german,gospel,goth,grindcore,groove,grunge,guitar,happy,hard-rock,hardcore,hardstyle,heavy-metal,hip-hop,honky-tonk,house,idm,indian,indie,indie-pop,industrial,iranian,j-dance,j-idol,j-pop,j-rock,jazz,k-pop,kids,latin,latino,malay,mandopop,metal,metalcore,minimal-techno,mpb,new-age,opera,pagode,party,piano,pop,pop-film,power-pop,progressive-house,psych-rock,punk,punk-rock,r-n-b,reggae,reggaeton,rock,rock-n-roll,rockabilly,romance,sad,salsa,samba,sertanejo,show-tunes,singer-songwriter,ska,sleep,songwriter,soul,spanish,study,swedish,synth-pop,tango,techno,trance,trip-hop,turkish,world-music
acoustic,1.0,0.9345442548471761,0.9014614235117795,0.9159951932336124,0.7268140081217755,0.9269573004896106,0.7285496044103563,0.9842200859132471,0.9761497132599419,0.9641477477662634,0.8285492498598328,0.9770096321264574,0.9969009584063702,0.8514409427432189,0.982853976096504,0.9823993112220666,0.7746461391013386,0.8916026100516128,0.6743770504198134,0.968012142041114,0.9191337978482936,0.9316118305995867,0.7288436869199921,0.9040183304249458,0.8175589956747449,0.9239919300198002,0.9093665468335621,0.8035442730388329,0.9076381162751871,0.8839768232254106,0.9058104362894007,0.9488963411996991,0.9211172130489823,0.9380177860595219,0.9914208351633409,0.9478731214973275,0.9666292645487734,0.9562627865976472,0.9034333166078818,0.9495978778618124,0.9662088813816433,0.9056300386389571,0.6686961939653018,0.9045094371891176,0.8525589861294658,0.8805969833929708,0.8418212063769599,0.8736497138352759,0.8547742352772317,0.8371810007315625,0.7892730747528083,0.9363254210296064,0.9810105058211435,0.9057695109505003,0.8166486958692233,0.9908525414248857,0.9832380955293809,0.9824357309701938,0.8423938791540924,0.7659939154855915,0.930302211556733,0.8934053264168287,0.9481593162163087,0.90948734577676,0.9841177270102472,0.9560867725171254,0.9485273473935286,0.9277799011854317,0.9266923575023145,0.9825681702831863,0.992507738351831,0.8329891518445653,0.770994252827016,0.7877860905610237,0.9763723665242272,0.6997306887659523,0.9163342177748839,0.9525997170227876,0.8825663276884188,0.8708151592847417,0.9730279685705359,0.982420299855086,0.8742804859746466,0.8681445563973728,0.9669150793643545,0.8789561170945774,0.8761091427533416,0.9672208454456368,0.9247494990371941,0.9209798340105856,0.936568392054451,0.9837174195815428,0.9630064906633325,0.9459454317743352,0.984761310611066,0.9552981293886236,0.956465797799566,0.9512331700790335,0.9873630498220236,0.9995538891130387,0.8947434942021304,0.5654921728170395,0.9995538891130387,0.9850598416341771,0.9465203635412884,0.7902992289735706,0.9670901216274326,0.9249181564793569,0.961421333093176,0.8428047550930597,0.8125944374486687,0.9153983698993798,0.9696120017765286,0.9489323851941325
afrobeat,0.9345442548471761,1.0,0.9702952851665319,0.971739166867046,0.7023317602813327,0.9858051656673463,0.8597747445355353,0.9645403742566813,0.9769865970240175,0.9650404085217796,0.9646011017630911,0.9765375215314318,0.8991955335137785,0.9737199300447481,0.9614161316525955,0.9373667779002428,0.6901859431732544,0.971499257572848,0.6937755563912062,0.9598553274802233,0.9688580378654879,0.9617853753824228,0.8828164593582617,0.9810418399168761,0.942966127034693,0.9889257475429805,0.8464020336013067,0.9359337089380606,0.9661551913318647,0.9401051337100907,0.9695856754765734,0.9770811882824623,0.9805713957951502,0.9711295389406456,0.9645483459963664,0.9389002516826408,0.9820680882071087,0.9688394532039011,0.9803650131809383,0.9764410930911083,0.9286454938014275,0.9701438826593465,0.8413454798908028,0.9734081185135626,0.9365410381069259,0.8437329907439728,0.9430476251925313,0.9567948590389719,0.9555623684674032,0.9352626568979301,0.9173168426501963,0.970248244823773,0.8940958288484542,0.9727588455365626,0.9008441564810168,0.9640001866102996,0.9754614669389954,0.9726803738024926,0.9526382814191252,0.8398430051343997,0.9781144900455208,0.9646758365089685,0.9679077837875987,0.9645210860416147,0.885418473133126,0.9725503248045066,0.9732374324891961,0.9729990139537305,0.9687683238964786,0.9552735890144621,0.9034949912172705,0.9360105250798212,0.896769056838467,0.9056797651281489,0.9604153139210552,0.674217206397052,0.7848518144506167,0.9134969887835845,0.9351714042830606,0.8514663815501173,0.965540592679941,0.960643400210724,0.9627506596661047,0.9616915789343574,0.9855213507736629,0.9594025056991865,0.9580576767049667,0.9629004889095284,0.944174513259054,0.9447130230867903,0.9718960379182362,0.9446961436419925,0.9725945479152247,0.7901161620983828,0.9466556789544978,0.9686524322321117,0.9520043982069856,0.9176301772699123,0.8972785180828435,0.9282652167991002,0.9711962706332662,0.5902638609796459,0.9282652167991003,0.9640355346400873,0.9768858150747436,0.8504783550963639,0.9764659170394963,0.9855024479248038,0.8506350492654294,0.9461490478241577,0.9346621540434636,0.9847848218862292,0.9744748425753106,0.9438990915659968
alt-rock,0.9014614235117795,0.9702952851665319,1.0,0.9988434073052046,0.5594812545467123,0.9737910407686059,0.8999981235881997,0.9187808558060913,0.9639311015976053,0.9751774728407556,0.9697936944446204,0.9417009394675968,0.9023751912540308,0.9436795120535098,0.9140967457598543,0.8765076149520685,0.53097496324786,0.9613151929410116,0.6258522439925425,0.9782129668432409,0.9901921363563538,0.9731065573544718,0.9443955968842574,0.980235470796989,0.885972058761946,0.9904631964659654,0.7317082238415547,0.9619617478849432,0.9916899867157456,0.9828128365851583,0.9954132327280176,0.986505092599999,0.9745584684003092,0.9898723063266308,0.9472121164771871,0.9700141293296948,0.9579060566985035,0.96919697243482,0.9923949297356458,0.9387788904414367,0.9584266654779782,0.9958029636938791,0.8791310376752632,0.9942858278657565,0.9919284078319013,0.7104331217197033,0.9767226594498042,0.9979253654608288,0.9940172132590394,0.9825198058538391,0.9811029686917361,0.9795161773205627,0.820060537845877,0.9948760817642113,0.807700896436681,0.9452897574510637,0.963525966894937,0.9633780175881128,0.988091988833278,0.776411729967778,0.9774366669502581,0.9980073891343455,0.9911285144475879,0.9987134894726687,0.8128812625395445,0.9828999345482363,0.9591818077652933,0.9860756371038004,0.9827194879782624,0.9565855432107826,0.924657897702112,0.9903932721202626,0.9716748191510236,0.8440287330578751,0.9552189898086929,0.5215828853454717,0.7176363964122414,0.9354353600604646,0.9931408921090727,0.737439942702478,0.9698280839208935,0.9574472322746094,0.996191255115759,0.9858248012836508,0.9740932818972873,0.9981746389401704,0.9980402359766994,0.9688246596555516,0.9817821881233308,0.9818410598735234,0.9949785996086484,0.9146419052050133,0.9610583906347128,0.7094502134146079,0.901995617956995,0.9508971392545417,0.9446524114124868,0.9582191239009508,0.8530389190955451,0.8978423842000917,0.9949985236735066,0.47714896918963,0.8978423842000917,0.9528593316928822,0.9899408903106254,0.7070110452297887,0.9805217625779201,0.9946531914751162,0.7524957831053906,0.9189966712888544,0.9482646169130022,0.9446165139168272,0.9730857107102033,0.9622235504302092
alternative,0.9159951932336124,0.971739166867046,0.9988434073052046,1.0,0.5580005837384332,0.9732955933573585,0.8857318379234701,0.9270247432925867,0.9711536844925517,0.9823705696356922,0.9643875098402236,0.947644000406267,0.9175733465034284,0.9412686687689208,0.9275864663407033,0.8928557978272135,0.540224805257471,0.9594067382182674,0.64033644672397,0.9844805261520188,0.9945579814983017,0.9815648622384234,0.9343847895100192,0.9819255306461354,0.8781007943352501,0.9922823634566493,0.7425472348344229,0.9555667991936745,0.9942436653070404,0.9834612222933596,0.9977598066397322,0.9927752409497599,0.9769591288955786,0.9953201813293628,0.9574362789472527,0.9744407455303792,0.9671413501626387,0.9784956100825353,0.9890751346327764,0.9423213404305675,0.9657125675357194,0.9941822598229784,0.8624643674692154,0.9942218204394577,0.988066984349374,0.7179608402085125,0.9732253701514166,0.9946674996272258,0.9925000625129639,0.9800998865480353,0.9741043579033666,0.987317393330559,0.837440778529319,0.997316761227922,0.7965705829519591,0.956524779927405,0.9727267659288443,0.9730871938506662,0.9833850533101414,0.7610892297272704,0.9856668254186562,0.9957376980229211,0.994325757793256,0.9976966095335584,0.8309693804531467,0.9893683173935754,0.9693256609422665,0.9908917361130165,0.9886762008388748,0.9676446698640435,0.9384144285724119,0.9855021571266539,0.965402412087113,0.8356444368770461,0.9633505441657679,0.5204030167351743,0.732998844777667,0.9416461245686695,0.9930252318782222,0.739805810251889,0.9790078189014825,0.9669891530514829,0.991602698220826,0.9845913491109617,0.9782664934221362,0.9949147690727721,0.994794359622907,0.976200266382444,0.9879990561962235,0.9879615008069197,0.9970878763880222,0.925100072837997,0.9655621811443384,0.7311431628838895,0.918959339451416,0.956362744870906,0.950523757314786,0.9639703917321271,0.8702261329983193,0.9134294489343344,0.9934834221261104,0.4648338888673335,0.9134294489343344,0.9633750346549876,0.9943650497590888,0.7031673876607722,0.9868825996118458,0.996254096540911,0.7716206706652349,0.9140574311103598,0.9422842163523338,0.9445725602453194,0.982110223027684,0.9661777189055574
ambient,0.7268140081217755,0.7023317602813327,0.5594812545467123,0.5580005837384332,1.0,0.7396838248461034,0.6189750507132752,0.7658757091901589,0.6296168602659424,0.5857647461478269,0.6125408759525335,0.7948386333486155,0.54772394220946,0.6813104664801708,0.6898346169389289,0.8176282639222006,0.9800983412087043,0.7311949098035229,0.39139015938204835,0.5246770566230871,0.5062122315782428,0.47373547424297857,0.49896401291887377,0.6721028062818536,0.7750052368121765,0.6038860641191537,0.9459490406065957,0.5934544666140005,0.6031530519426397,0.5994019709977427,0.5592583284686871,0.6077921514533124,0.7116623352042841,0.5861842591122908,0.6742059469539412,0.43716515681560203,0.7368825440373007,0.5324075571695972,0.6532116400337666,0.8101287273029563,0.5619484797459517,0.6271161116577428,0.5650937528670346,0.6296611208691043,0.5073934452811472,0.9562728092864893,0.6033983279282393,0.5214579965054784,0.5162121316531455,0.5515040037838062,0.4686238313300053,0.5259816863436071,0.754509488606209,0.5622868903318123,0.9066367846126429,0.6832186010502834,0.6791505735591069,0.6624947656550217,0.5705819729578216,0.9025162618196951,0.5818555050411791,0.5417786949149764,0.5319109717755656,0.5333687740929337,0.7944217219180718,0.5443875020037208,0.569567845824907,0.5037684629339688,0.4893304934852931,0.5550076938840072,0.5226190227039889,0.5008203034290719,0.43729933096632345,0.803854515369615,0.5966474882009951,0.9965715709051304,0.883311224669173,0.46227310811821215,0.3913013049198752,0.9702878668875367,0.5595801150473962,0.5761902222140205,0.5352609509364612,0.6163572847743735,0.6844090197652747,0.5220633954512729,0.506822187692326,0.5273511795351693,0.4122600304662123,0.41116508086515524,0.5438856924856912,0.6144234184523127,0.5993643699567673,0.7804242144607132,0.7572002354814784,0.5561526121770561,0.5589065358460197,0.4432273035119933,0.7490734684424954,0.690969732934777,0.5076576609159458,0.9305128113197508,0.690969732934777,0.603983925095586,0.5681370216130235,0.9421383731114844,0.5982628775786274,0.6026352826354135,0.8258326551671489,0.7532340107266079,0.6476648310686535,0.7752220500472116,0.6312275179780371,0.7219810264775623
anime,0.9269573004896106,0.9858051656673463,0.9737910407686059,0.9732955933573585,0.7396838248461034,1.0,0.9200814342815238,0.9488777588997164,0.9583129652567526,0.9595707368748352,0.9796659099572267,0.9801600162636926,0.8769352946335979,0.970969702492429,0.9320815311712536,0.932987096750514,0.6996718475383585,0.9929061496860128,0.604301087179256,0.9404427416921672,0.9553570524335043,0.93203382802986,0.9291994082605692,0.9863770922790628,0.9534580902123115,0.9746003430754424,0.8544236138609556,0.9691223799999544,0.9811290365120049,0.9718002057496831,0.9725950093409026,0.9743107663869908,0.9932352455013294,0.9736671364453909,0.9544464020530444,0.89720501264404,0.9832490240655583,0.9442863857699431,0.9908998980012667,0.9898384716006579,0.9346017135375697,0.9860576653487476,0.8972751325156356,0.9874534040530131,0.9563872842354146,0.8449836368663944,0.9751395577984392,0.9641753030550564,0.9664166635460598,0.966096534798638,0.9432075951341212,0.9529799933389613,0.8653733086779174,0.9722780473680017,0.9284032117468728,0.9560719308045208,0.969580581461656,0.9661694866676511,0.974117838397422,0.8972616950636167,0.9669195855525674,0.967852363583463,0.9560621555521445,0.9649837169238539,0.8709333084353392,0.9559406182144999,0.9446916839478755,0.9518459413352536,0.9456251720894434,0.9343915476331582,0.8845415457695956,0.9560365355062171,0.9295530912483028,0.9288618947187324,0.943164924016672,0.7083716871361678,0.8118724182396209,0.8739752264536784,0.9089818762428399,0.8714842368644652,0.9487467556009092,0.9413091626804475,0.9643393996069796,0.9808955964966068,0.9772457231217048,0.9638605967847895,0.9604119008749941,0.9360106097332123,0.9065321650849602,0.9085387797533842,0.9641574953468377,0.9141234682042927,0.9473551102542341,0.7829548929563469,0.9394546296526967,0.9318732163134306,0.9252002906102905,0.8803929560347674,0.8961700871319134,0.9187753668760945,0.9584681171640628,0.6527607338478942,0.9187753668760946,0.9446468695454693,0.9682108971140938,0.8572786101154284,0.9648102394476498,0.9780981281978876,0.8273097534434193,0.9690787074298206,0.968959743873017,0.9899124132982873,0.9695891426743197,0.9744064706682697
black-metal,0.7285496044103563,0.8597747445355353,0.8999981235881997,0.8857318379234701,0.6189750507132752,0.9200814342815238,1.0,0.7639584806656026,0.7931068783189564,0.8245770612610694,0.9513641220849288,0.8415741412898885,0.6718125999271267,0.898228630848165,0.7191194662999899,0.7415535606144315,0.5054192220503595,0.9423953507411702,0.48379058691428456,0.7838073147214033,0.8373862817091775,0.7791498233043169,0.990451370671341,0.9105977405931662,0.9065558885297726,0.8586271837532315,0.6597657550184508,0.9750900477903213,0.9143274065782185,0.9380641387546087,0.890266971615912,0.854217403048328,0.9141749325618591,0.8683567354123141,0.7824503906578801,0.7248263315634977,0.8509685395370001,0.7835593996459442,0.9294264959007622,0.8797716845594802,0.8061120209953614,0.9305687274302388,0.9964387619558561,0.9281744504994083,0.9268855726426362,0.6516358751242242,0.9665619928355278,0.9095211814222941,0.9227981956421075,0.9575582641182221,0.950843554612469,0.8154922328966834,0.6162748950382863,0.8856727086916985,0.8735705163960632,0.7857515104871104,0.8172132818380689,0.8121278329258732,0.9555871967603353,0.9063241558153048,0.8420592032652245,0.8964364969734625,0.8250500569562216,0.8794134243047504,0.6352954235918096,0.8118688875857477,0.772927740782741,0.8173583876196879,0.8056268978633034,0.7575866005750107,0.6967697163048265,0.9371205793609443,0.9502936106320785,0.901032761906531,0.7747123395520491,0.5818259386515849,0.6278492735811173,0.6915480989408962,0.7944893254649896,0.718682248956648,0.7890021995512498,0.7680076648022036,0.9015736168200515,0.9461028654250224,0.8408462901412292,0.9017617009164252,0.8955418313573805,0.7660287036939193,0.753406381969187,0.7586080420734544,0.8505324792537456,0.7058327526622421,0.7772545382465961,0.5342653314151934,0.7513441720726157,0.7454088510951322,0.7509253929882749,0.709334069941623,0.6931341397260329,0.7164897524251478,0.8599947902821294,0.6662329195160643,0.7164897524251478,0.7681790452821372,0.8444904100574001,0.7383463324975645,0.8211414378919826,0.8738463837456742,0.5764633581315267,0.9342010962308753,0.9738299160032002,0.8952507898486383,0.8303630747875645,0.8975648069796783
bluegrass,0.9842200859132471,0.9645403742566813,0.9187808558060913,0.9270247432925867,0.7658757091901589,0.9488777588997164,0.7639584806656026,0.9999999999999998,0.9850951313980751,0.965368181133132,0.8637480508779254,0.9882717667974958,0.9667669009603286,0.885865757907025,0.9844193599030338,0.9694721793527875,0.8035804408826226,0.9130103619976454,0.6666976671812352,0.9659750722418209,0.923999578557152,0.9326762065261515,0.7600878784183437,0.9171736585931451,0.8639815862728786,0.943475942916268,0.9219635275514733,0.8331776631264893,0.912694316668089,0.8840877176520288,0.9131329683858045,0.9485086213412111,0.9318304482335455,0.9377449206599265,0.988330609202818,0.9542902230854124,0.9673429886366061,0.9570317572924836,0.9313379796772114,0.9657819906853597,0.9532743512200517,0.9235852777917584,0.7181941092895852,0.9176314256046177,0.8677338177118945,0.9069710543830669,0.8610568860928285,0.8950298505234316,0.8753530881162503,0.8509088090647516,0.8157320399995985,0.9362674337229315,0.9763034969565967,0.9147287590566406,0.872366128679327,0.9843189746646471,0.9799949591220912,0.9767801419765311,0.8664435469464683,0.8192313686810577,0.9371183920032081,0.914192490474748,0.9545990226659649,0.925530051134789,0.9724104898736903,0.9575727068395514,0.950900785105008,0.935672934238653,0.9310017182484644,0.971725167086926,0.9587214962134859,0.8531595908049987,0.791101015416613,0.8291139490045103,0.9814458977751659,0.7460960891275346,0.8979733855160489,0.960174334962226,0.893793034760773,0.8990836946829319,0.9664438266838495,0.9781748477115527,0.9034219710411981,0.8830448375159381,0.9833463976279468,0.9009446231229252,0.898619550432673,0.9719896781812565,0.9221684682863098,0.918267032587688,0.9460382434016823,0.9908751115182206,0.9826058891363569,0.9208072521875045,0.9678764678030697,0.9749982548223595,0.9754597593025433,0.9519876707645313,0.97076737464165,0.9795351010172759,0.921173709042279,0.627056100949106,0.9795351010172761,0.9809792340210735,0.9547154212957742,0.8444723656629509,0.9701205573024012,0.9409684610441016,0.9571912621832588,0.871296829232312,0.8395319910327462,0.9431061022631742,0.9657253207518618,0.9444516788354071
blues,0.9761497132599419,0.9769865970240175,0.9639311015976053,0.9711536844925517,0.6296168602659424,0.9583129652567526,0.7931068783189564,0.9850951313980751,1.0,0.9905596268750407,0.9031584245445646,0.9779327721052031,0.9729457038603323,0.906799003411499,0.9853511109226549,0.9521610227642803,0.6713002576366564,0.9261452745875036,0.6782366982668531,0.9950353637283471,0.9733514242056085,0.9804443593967581,0.8272171371205982,0.9504145068544019,0.8478746251997473,0.9796623438501821,0.8407951206509197,0.8780265876303452,0.9564360691555265,0.9296031071078159,0.9626207859414704,0.9832318846900597,0.9534916162483945,0.9769477032225679,0.9952938737831155,0.9910212692035659,0.9798302542096783,0.9914484384152339,0.9594642856808128,0.9543380667467956,0.9727661455704949,0.9592241552821419,0.7571599885226792,0.9562002776672955,0.9256091937725641,0.8135801855687887,0.9070730030733376,0.9476396181141511,0.9361754087129309,0.9091420279819392,0.8865356820492791,0.9801688898004316,0.9446411593850348,0.9642198780601176,0.7971289072822165,0.9928035205527543,0.9943932618467327,0.9934063919651424,0.9184169865810294,0.7435251319514876,0.9790720551742972,0.9600000593299012,0.9890825034614934,0.9686992418723441,0.9367608171809745,0.9918865126555172,0.9834192055825737,0.9808010452703172,0.9783841618397342,0.9945843254341773,0.9762034454859146,0.9157869343458839,0.8691819744206402,0.8010754660692931,0.9940883506234821,0.6013840123480756,0.8360449062666653,0.9802243305973459,0.958200873993766,0.8070480596256457,0.9940172361609696,0.9970819186707507,0.9510332071220573,0.9294871142440035,0.9952454605514682,0.9515290460157275,0.9509370131797961,0.9977085559894876,0.9789624890048122,0.9763119160298694,0.9836544190079671,0.989141418033817,0.9963505909461032,0.8670339179172737,0.9666158847919285,0.9924720334939718,0.9870786077241893,0.9846880788868997,0.9506928713750233,0.9739822956416271,0.9677980778050186,0.49118849948755705,0.9739822956416271,0.9969391910674812,0.9892205173049462,0.7448329722556601,0.995946321218597,0.9783208256651799,0.9041445359912592,0.8729157165179173,0.872273219035853,0.9391416601777212,0.9911207217688967,0.955640669592392
brazil,0.9641477477662634,0.9650404085217796,0.9751774728407556,0.9823705696356922,0.5857647461478269,0.9595707368748352,0.8245770612610694,0.965368181133132,0.9905596268750407,1.0,0.9170931206707406,0.9676292209128118,0.9687628826831187,0.9034367457981809,0.966083343353459,0.9407464059018169,0.6123149686622438,0.933337221235143,0.7758056913174409,0.9938677543296266,0.9806383996999212,0.9815193479585751,0.8692226344668814,0.9591918708342916,0.8345949555380927,0.978576176185114,0.8011193981341462,0.9049143968721619,0.975674203999056,0.9594386776898823,0.9774960638274812,0.9912821939402725,0.96224038922816,0.9895687565097483,0.9883178981864347,0.9858264274285531,0.981109355488405,0.9903450636671545,0.9655700025064269,0.9488836161486471,0.9902841991883022,0.9736057598702763,0.7902802209352613,0.9719749486892478,0.9508139609712123,0.7634066210881169,0.9362722272093738,0.9632147189512752,0.9579946626361285,0.9425841880704628,0.9211387780366127,0.9862202956334601,0.9115123553810278,0.9770319346341831,0.7698596212374351,0.9879030408640894,0.9918496596327802,0.9925684364906786,0.9407781632617921,0.7332472372035542,0.9859928329401908,0.9710194252954735,0.991901441070669,0.9788044064195096,0.909171113643624,0.992717742700693,0.9785301806373641,0.9824488709684848,0.9810569867951249,0.9919573112315644,0.9774991430956411,0.941209012182328,0.9105946989515771,0.7912925040024164,0.9940683874611682,0.555251735052337,0.8221458187869244,0.9801860120203756,0.9691273996052218,0.7659338027305107,0.992882650814949,0.9908921907741615,0.9601889683025076,0.9507651925245806,0.9892334696441084,0.9645242183394901,0.9644987130140892,0.9946399937626185,0.9820058070986428,0.979487453670139,0.9873903865115602,0.9697238500503886,0.9829163331018287,0.8385865051043229,0.9619212826328801,0.9736819215721779,0.983810719579404,0.9910092815990038,0.9421129313586913,0.9636745371922935,0.973050915891114,0.476661394385658,0.9636745371922936,0.9905030000981481,0.9943394140840245,0.7004381472876213,0.9955360196090361,0.9811586588843615,0.8680797355686249,0.8749214089047226,0.895139581350098,0.9308190386165998,0.9954400595765578,0.9770511549549792
breakbeat,0.8285492498598328,0.9646011017630911,0.9697936944446204,0.9643875098402236,0.6125408759525335,0.9796659099572267,0.9513641220849288,0.8637480508779254,0.9031584245445646,0.9170931206707406,1.0,0.9152156938548694,0.7901317071573333,0.9870730708996776,0.8576818869065836,0.8474960615866949,0.5293631905344156,0.9925906614007933,0.5585453876196793,0.900364141688742,0.9468967455430588,0.9114940843665773,0.9649439310653325,0.9902769302862114,0.9699799262305905,0.9646723505490674,0.7056017128753488,0.9927518918404425,0.9769132129102829,0.9734745455723608,0.9700719010331191,0.9532249417485831,0.9864643444762577,0.9560922773829934,0.8823063300262765,0.8584135570706359,0.9420700631723025,0.9085248885041644,0.9833961692388287,0.9417778712525294,0.8827622939313456,0.9781006394492967,0.9389947705704651,0.9858390093331769,0.9642988608303018,0.7078974016637141,0.9892489655290536,0.9655366617856288,0.9736334265360678,0.9800674687211812,0.9659622492042457,0.9350975855077509,0.7316197381990481,0.9702508875521395,0.9032894851091979,0.8841270260227525,0.9174208943663251,0.9159960077538025,0.9889635717575642,0.867502605624929,0.9457416649249182,0.9631229803518369,0.927635986488924,0.9544699844417344,0.7242739632484305,0.9256733677503368,0.9171719560914261,0.9372957045637871,0.9320675291606693,0.87948115046324,0.812113478339073,0.9691692579897389,0.9546201123476992,0.9497160296760607,0.8842959369763943,0.5733273423766305,0.6354013020528357,0.8105329108951662,0.906914420842527,0.7521023667050584,0.9058355720923177,0.8805170669083583,0.9651582881022187,0.9926872018044746,0.9338712026149738,0.9644490211034091,0.961668535427645,0.8900377410252969,0.8923844258348853,0.8961497081759271,0.9447263282854531,0.8244681310943149,0.8917375909267112,0.5977222653169323,0.8679059370450619,0.8780814294591459,0.8621359734775768,0.8316948532126827,0.7653141483269541,0.8217151268404967,0.9531684861265677,0.580696857508082,0.821715126840497,0.8847422158141502,0.9415563989027977,0.8071707229983618,0.9263967864437277,0.9686780114637947,0.6662678256679722,0.9843470632265467,0.9923271374640583,0.9753224341841911,0.9297933084660164,0.9371394939993288
british,0.9770096321264574,0.9765375215314318,0.9417009394675968,0.947644000406267,0.7948386333486155,0.9801600162636926,0.8415741412898885,0.9882717667974958,0.9779327721052031,0.9676292209128118,0.9152156938548694,1.0,0.9402525535593054,0.9269189654951404,0.9712414532902278,0.9765137342008889,0.7955261843967607,0.9583376992986203,0.6339334677348388,0.9573430887671358,0.9369208750735774,0.9298744761297609,0.8332903225640135,0.9530594230370748,0.9136478842852147,0.9556066998361363,0.9235008596387652,0.896466316733965,0.9482264859862192,0.9301030398379138,0.9403694165193708,0.9653494796269609,0.9686012142346221,0.9585156536218056,0.9839966920413241,0.920408130823231,0.9870042367530116,0.9526708786989684,0.9593622206137926,0.9922330091232355,0.9542793400958428,0.9537335079513729,0.7997007684456862,0.9519054451717397,0.9049476649714865,0.9096563401548854,0.91565745720509,0.9218009740891049,0.911478823444849,0.9040850066689989,0.8653564957638235,0.9449134839235229,0.9452964273276414,0.940359826867545,0.9193560769546537,0.9835208899850392,0.9862771724095121,0.9828054539725253,0.9129837995872538,0.8797312213099876,0.9508013891190277,0.9336824602825242,0.955305752679249,0.9405307158460333,0.9501489673074333,0.9584202672705419,0.9505382012023573,0.9406552205571579,0.9355266699035469,0.962034009357831,0.9370788861295423,0.8948912191338998,0.8470870824022703,0.8891893643307769,0.9691946334623648,0.7689821704641087,0.8941429641987191,0.9145721256015815,0.889768753677509,0.9180832857197114,0.9642418868394029,0.9676873102279565,0.9253239517325067,0.9291785599833321,0.9869620041082763,0.92461872780479,0.9209355124501983,0.9562232148201159,0.9088536913312786,0.9077223731521007,0.9545130533283624,0.9628587289769422,0.9667113153686706,0.8878098907069992,0.9749264242664417,0.9533624002303884,0.9511418642565521,0.9119361337018916,0.9587073662554783,0.9709879547928097,0.9309358326982918,0.6763567163103161,0.9709879547928097,0.9727635395525978,0.9615130125972383,0.87583764252108,0.9720435864294454,0.957870996570379,0.9227623318207456,0.9266127615755768,0.9030540627655034,0.9754632531214957,0.9757495964332538,0.973580337299466
cantopop,0.9969009584063702,0.8991955335137785,0.9023751912540308,0.9175733465034284,0.54772394220946,0.8769352946335979,0.6718125999271267,0.9667669009603286,0.9729457038603323,0.9687628826831187,0.7901317071573333,0.9402525535593054,1.0,0.7922786749281299,0.9748197097214302,0.9548483086337471,0.615868688566559,0.8308631073176529,0.6879609412578822,0.9693082634790264,0.9217686380726903,0.9319288173857264,0.7242036651298915,0.8858624269973793,0.7003857371600186,0.9189534640370747,0.7880264338112265,0.7757522979030629,0.9086039214000765,0.8873903123128597,0.9099573795939269,0.9504474553812436,0.8909132631648229,0.9405382278752832,0.9895563236191134,0.9489085452505093,0.9487539112921366,0.9563326000164014,0.8830817434328958,0.8829079038420593,0.9754622832497825,0.8993580477482663,0.6171843587230686,0.8970471874155097,0.8589026545041061,0.7318682626058752,0.832268416746371,0.8765674451620205,0.8589469912283352,0.8432737085677693,0.799475523932063,0.9385418777385748,0.9698159248421969,0.9092514872000745,0.651008911412541,0.9891162228996997,0.9806763463838071,0.9818049007032614,0.8347830647601158,0.6076408690633834,0.93051754066545,0.8951349915797799,0.9485785087743939,0.9109755052617927,0.9695388022232322,0.9563858501559762,0.9468423728330826,0.9285411222739526,0.9279987039531203,0.9835068344872124,0.9969901793730309,0.8391375107504757,0.7857032668116478,0.6601496159726212,0.9794981729269424,0.5237249878273744,0.8785780262051095,0.9590111242151995,0.8865861687352403,0.7142147684510203,0.9738073985702467,0.9820179782568035,0.8739942798413226,0.8597954608328604,0.9593900272026166,0.8810672530922805,0.8790536771959394,0.9677581428743195,0.9271606497304563,0.9233806263529707,0.9375277641728113,0.9801162731116033,0.958609094447127,0.9362776081360014,0.9755749699607938,0.9500458587009384,0.9589159254919701,0.958807131342436,0.9845753442552694,0.9981162504421529,0.8955310765706741,0.4229528248133019,0.998116250442153,0.9846107720190256,0.9477815872129705,0.6235190177840857,0.9669158008846248,0.9226173549559383,0.9394879295825347,0.75120723903077,0.7654257220167167,0.8404734988383817,0.9705609157360866,0.9460754780888576
chicago-house,0.8514409427432189,0.9737199300447481,0.9436795120535098,0.9412686687689208,0.6813104664801708,0.970969702492429,0.898228630848165,0.885865757907025,0.906799003411499,0.9034367457981809,0.9870730708996776,0.9269189654951404,0.7922786749281299,1.0,0.8927846913843871,0.8878806221145292,0.6125002682627885,0.984539286082228,0.5471778010779857,0.8873735637897071,0.9328056491352146,0.9020327015251579,0.9103149797517542,0.9866117980345945,0.9879012478415439,0.9600698469737953,0.7687897807176673,0.9651047263051639,0.9554677202569085,0.9391447946424945,0.9509314242274614,0.9446727767788061,0.9820643114862465,0.9402116951103103,0.8896552976144185,0.8360060330539005,0.9510648053310746,0.9054644775151981,0.961100717206471,0.9504070525766595,0.8568750810859949,0.9492663854789058,0.8834777297139204,0.9646580133423466,0.9209973534441427,0.7809579029100306,0.9566668555914936,0.9304938064777528,0.9403254658468922,0.9420462746815819,0.9166220825728026,0.9281981442401948,0.7842538583613403,0.9540359560119152,0.9277721559866076,0.8925836241636105,0.9220784964828685,0.9198222266797049,0.9566629321327256,0.8603545354577506,0.938524784969897,0.9316773491786942,0.9077203972144483,0.9240128475269187,0.772276742498916,0.9160548266491871,0.9290968691719184,0.92731949022013,0.9225037441145931,0.8784270515293209,0.8030658402988624,0.926408463656514,0.8979150742346464,0.9689712417207403,0.8823813412215936,0.645625655126518,0.6660584311041429,0.7886342239426023,0.8697914911655826,0.8072697255402931,0.9015998615025369,0.8792315472956663,0.9340593432986848,0.9715134879921572,0.9333774649225266,0.9311587700378232,0.9281918325632199,0.88297220267749,0.8713398121354674,0.8748382904852551,0.9249880203878289,0.8407851179462453,0.8920009440913841,0.6474645818827742,0.8993314338833123,0.8839194226361177,0.8561127955681924,0.8033622385738515,0.7898326344242599,0.8438510203244698,0.931103794886825,0.6031209396278289,0.8438510203244699,0.8908292169270312,0.9269294547601511,0.8732496324819828,0.9199862230063682,0.9591788793519104,0.7246750743972603,0.9872012669573031,0.9718338394388306,0.987095715790628,0.9269332899504177,0.9138901942473432
children,0.982853976096504,0.9614161316525955,0.9140967457598543,0.9275864663407033,0.6898346169389289,0.9320815311712536,0.7191194662999899,0.9844193599030338,0.9853511109226549,0.966083343353459,0.8576818869065836,0.9712414532902278,0.9748197097214302,0.8927846913843871,1.0,0.9767748068982031,0.7384605528276142,0.899567456469671,0.7803743863382848,0.9714170078785991,0.9413600797122599,0.9608796328336009,0.7373554354762106,0.9233988798342017,0.8489858331541826,0.9511922570816775,0.8839324235452772,0.8184508845940803,0.9147197810565535,0.876639880441477,0.9205814376068112,0.9581490614617515,0.9301501487101215,0.9459857030000948,0.9866570299367486,0.9629591298835916,0.9731866735995027,0.9773588766823944,0.9136044808734667,0.949017535159921,0.9433960198355149,0.9090257610859216,0.6746786426578502,0.9128878643348908,0.8581088204094001,0.8663974059834596,0.8473551643088839,0.8875257863565744,0.8754622961853711,0.8424816021756071,0.8058024006985183,0.9586469673514313,0.9726372470346485,0.9243098645629955,0.8194981773481886,0.985481879503102,0.9831110479623073,0.9825700871477632,0.8561577745776052,0.7428567771860872,0.9559395526628257,0.9051018948155676,0.9549926963056405,0.9188229725898701,0.9621754904011203,0.9685155692706982,0.9798979689160385,0.9527125839069213,0.9528575499401006,0.9851228178576572,0.9692423901839275,0.8444458708054172,0.781291286499944,0.8082780446111397,0.9798839368111354,0.6645843144461292,0.8489102166781557,0.9572584946802554,0.9094322973282849,0.8483959888146684,0.978870731950388,0.9834583989299244,0.893377334401562,0.8813717854590088,0.9747864873537839,0.8934465992259562,0.8927270756037075,0.979999789796076,0.9510947084640066,0.947644920936711,0.9462884721428834,0.9875637435183149,0.9763922497600284,0.8981613724519417,0.9848668845371894,0.976783607240373,0.967737442548722,0.9562015877440629,0.9605265524399518,0.9826953403946983,0.9213611519936924,0.5213439911613308,0.9826953403946983,0.9894448789527955,0.9576126784835532,0.8018768020267579,0.974346721664374,0.9451644812213155,0.9400093908199401,0.8580102114496084,0.8246883339108254,0.9322410042372818,0.9742217710302405,0.9226876307081846
chill,0.9823993112220666,0.9373667779002428,0.8765076149520685,0.8928557978272135,0.8176282639222006,0.932987096750514,0.7415535606144315,0.9694721793527875,0.9521610227642803,0.9407464059018169,0.8474960615866949,0.9765137342008889,0.9548483086337471,0.8878806221145292,0.9767748068982031,1.0,0.8314894790120979,0.9129139573601475,0.7476705551093517,0.9301721920946753,0.8993863233256554,0.9112478467633542,0.7292379411039924,0.9137848268897049,0.8797854587120946,0.9104626212696463,0.9465335868138266,0.8175645219423564,0.8985597558371365,0.8719155575057767,0.8908464252304915,0.9352783778445142,0.9329567399361577,0.9225329962924129,0.970232140403887,0.8905562588165418,0.9748964765681332,0.9367377372456085,0.8903242025371096,0.9690664271073426,0.929807541083524,0.8874456102434356,0.6903205057966026,0.8963101693425287,0.8248352899763589,0.9336016205419647,0.8424250455448139,0.845452827649913,0.8393330004586239,0.8286544786830777,0.771107753067918,0.9222562838271408,0.9647581249043211,0.8921764248495855,0.8982273667682925,0.9741382441034525,0.9689266763042197,0.9678128865009388,0.8344908034567143,0.8363706968170781,0.9243537984209673,0.8626627542645442,0.9129765165988466,0.8762637076593122,0.9719310550063279,0.9309514654350939,0.9416493579193133,0.9055437544938334,0.9061358848174865,0.9554843805295337,0.9460913770448698,0.8097394547331489,0.7514090790434502,0.8641878078412754,0.9496887452842859,0.7923285880727087,0.9078064121360708,0.8948650289952003,0.8386125257060935,0.9261742831346489,0.9483046045640471,0.9526517877746772,0.8445230218983728,0.8699606345034302,0.9484019984166835,0.848753497986236,0.8454917260394499,0.9345800237856103,0.8854519934952704,0.8835335392561429,0.9054055935682822,0.9519242058389425,0.9301202932903228,0.9248666904740744,0.9956609986097915,0.9222756997280364,0.9232257851209007,0.8914245668041948,0.9722300614238701,0.9817683122293669,0.8659328266588826,0.6685707079603062,0.9817683122293668,0.9621417736540181,0.9219035973576923,0.8937297235111628,0.9430491121274077,0.9090553385337612,0.9547801804855532,0.8874046593167824,0.8369321395153851,0.9442970177397798,0.9561228262339868,0.9341483992291438
classical,0.7746461391013386,0.6901859431732544,0.53097496324786,0.540224805257471,0.9800983412087043,0.6996718475383585,0.5054192220503595,0.8035804408826226,0.6713002576366564,0.6123149686622438,0.5293631905344156,0.7955261843967607,0.615868688566559,0.6125002682627885,0.7384605528276142,0.8314894790120979,1.0,0.6599076387452953,0.45828044424858766,0.5675455501473934,0.5058223729562782,0.5050065102864809,0.4054799592718289,0.6123653760646887,0.6919093444772233,0.5883248154727787,0.9666526760142677,0.4975566165825994,0.5528219111225656,0.5353730096074966,0.5239941635910277,0.6004080460840642,0.6556652090511357,0.5744112359861417,0.7143228254501308,0.49211617463140483,0.7227969352006959,0.5704643505834325,0.6117125891809634,0.787382246039132,0.5966153727158122,0.5856968333519816,0.457604843404523,0.5776984372582156,0.459010379376234,0.9713120190607601,0.5151149559998255,0.4885069734299622,0.4662896213820438,0.4702542345072921,0.4023620452253105,0.5367074315141851,0.8305598566808602,0.5266011424921403,0.8455844519011884,0.717658883407563,0.6962245925572497,0.6817186323628198,0.4952830023258585,0.8332640758396404,0.581372354840745,0.5201453063919079,0.5608964958572497,0.5289088591308131,0.8582612691162255,0.5732438141851754,0.5949671837224613,0.5172684648137665,0.5049022026355009,0.6055213096257479,0.5792452483760084,0.44201871881873467,0.36897957012827426,0.70883062761339,0.6480521084997068,0.9840999325656011,0.9184758430882696,0.5330642972826671,0.4054367482723281,0.9665192509910014,0.5973590672101009,0.6285338720160512,0.5050330539872456,0.5408533153832598,0.695106520113105,0.4928680954916893,0.4813484188037139,0.580525092624701,0.4419439260090744,0.4378436788577633,0.5536560394914068,0.6939618835401564,0.6552509569215121,0.8613402239821166,0.7734282925394418,0.6196053099190922,0.626339423065746,0.501228713695183,0.807623972042097,0.7462728906177558,0.503404373611694,0.8955406056850184,0.7462728906177558,0.651156262103258,0.5804964275846544,0.9119606939764753,0.6234724885965752,0.5800923981596664,0.8922697679367119,0.6612944355532776,0.5483660118966605,0.7271809425654572,0.6429327378279459,0.6961832794639604
club,0.8916026100516128,0.971499257572848,0.9613151929410116,0.9594067382182674,0.7311949098035229,0.9929061496860128,0.9423953507411702,0.9130103619976454,0.9261452745875036,0.933337221235143,0.9925906614007933,0.9583376992986203,0.8308631073176529,0.984539286082228,0.899567456469671,0.9129139573601475,0.6599076387452953,1.0,0.6301976257345272,0.9068730620984393,0.9399133458627311,0.9062908340947445,0.9498498286145057,0.9912552226744573,0.9740643955138779,0.9606205035524558,0.8210352070613276,0.9864114205428349,0.9783043973184042,0.9741933056860435,0.9661162018028095,0.9607478103925655,0.995606918240334,0.9603812154877664,0.9221787883539758,0.8500141259668867,0.9714640865659567,0.9160685226182412,0.980666412239231,0.9789819536949786,0.904681302329911,0.9765890398467059,0.9244151845604576,0.9845486634846911,0.9507833999825457,0.8173328706419362,0.9846521418465348,0.9522337951352651,0.9618637323451943,0.9734808988334516,0.9480828042642271,0.9356257118954894,0.815627831951925,0.9658246381759745,0.940701968236267,0.9264420014525234,0.9463695220748713,0.9432984708147292,0.9780757647476617,0.9111793346161983,0.9510752085255247,0.9519841161857798,0.9274407219186409,0.9452342138908283,0.8224382636398871,0.9304092547534702,0.923999240559799,0.9311676047378932,0.9254990382963977,0.9008567218899773,0.8418868193884073,0.9540755041902975,0.937043204576598,0.9589025558490094,0.9089904236213542,0.6953072364917114,0.7663286608741986,0.8206979350958769,0.8800988725989947,0.8530943309274472,0.9204800661409142,0.9057495059730736,0.949434018237006,0.9887844113579278,0.9520762393229356,0.950130200757175,0.9460977456724311,0.8994050020420783,0.8751477443032077,0.8789716108457822,0.9417231980803056,0.8671822947271497,0.9089810198434451,0.7221046073440502,0.9202459280590275,0.8910062393309011,0.8831224429503857,0.8313311109428393,0.8524310183649377,0.882670036640931,0.9383881760833102,0.6731994296218472,0.882670036640931,0.912386542714782,0.9456739138263464,0.8657472511613489,0.9390890334975446,0.9656799153463455,0.7721247499220414,0.9896117782694318,0.9898473826572194,0.990533295846681,0.949432997460655,0.9630570600229744
comedy,0.6743770504198134,0.6937755563912062,0.6258522439925425,0.64033644672397,0.39139015938204835,0.604301087179256,0.48379058691428456,0.6666976671812352,0.6782366982668531,0.7758056913174409,0.5585453876196793,0.6339334677348388,0.6879609412578822,0.5471778010779857,0.7803743863382848,0.7476705551093517,0.45828044424858766,0.6301976257345272,1.0,0.6580177297392076,0.6544074719849937,0.7542785927755287,0.549343757967286,0.618955157861292,0.4729652988149663,0.6375983821229201,0.5844841945464428,0.5899456262215983,0.7026428059522205,0.702628169312567,0.6506559026736072,0.7222486316634342,0.6769736903574797,0.7381996991109723,0.7438784709825526,0.6793706518066257,0.7481349883083841,0.7954020319713337,0.6889201095371061,0.6755907548316638,0.6860288687013776,0.6342833801462301,0.504327803417828,0.6236721506499663,0.6095501403581994,0.4941067301407439,0.6064215548136871,0.6201611393419199,0.6803687457041911,0.6266190179464339,0.5897237474373729,0.6748879842217617,0.6627302194592642,0.6515787569587012,0.475178408313909,0.6946813630921415,0.676544200412738,0.6801466806668142,0.5995749368344048,0.470913782631908,0.7801484438990345,0.642115102646546,0.658349803293948,0.639291014924457,0.762941303518608,0.7451833858531578,0.7757336560260206,0.6591506335538371,0.6690746867409377,0.7619628341190369,0.6842123547026282,0.6015109880314744,0.5961335899238727,0.4428958086367133,0.6968279081007209,0.3675212284088619,0.6274808229134808,0.7188613375170394,0.6497546953520499,0.476537558260909,0.6817415559226162,0.6910150506684166,0.6095222532235935,0.661069684256096,0.6581328923674205,0.6187836312455082,0.6190631875776389,0.7735072616843514,0.66969346932141,0.6709076454995672,0.6422901448532292,0.6887795849146992,0.673692288112759,0.7297727784046288,0.7699339185474476,0.6776061383193814,0.7738955550533486,0.7080570926686085,0.8277077758822002,0.6882354453263415,0.6356481805055894,0.3347256879869366,0.6882354453263415,0.6835939760001803,0.6743653845252437,0.46371280590674646,0.6712778539181838,0.6326812122703491,0.6913661179366282,0.5080657306985903,0.5889591260383129,0.5751394870820806,0.6881787457548185,0.6974246508401267
country,0.968012142041114,0.9598553274802233,0.9782129668432409,0.9844805261520188,0.5246770566230871,0.9404427416921672,0.7838073147214033,0.9659750722418209,0.9950353637283471,0.9938677543296266,0.900364141688742,0.9573430887671358,0.9693082634790264,0.8873735637897071,0.9714170078785991,0.9301721920946753,0.5675455501473934,0.9068730620984393,0.6580177297392076,1.0,0.985576754705656,0.9822325360902483,0.8515885239445833,0.9543408591714485,0.7931510797324572,0.9845678797406149,0.7631397432363105,0.8864618754108419,0.9722487566184328,0.9522673645571931,0.9793734881635243,0.992279649775175,0.9491724114511588,0.9885343651176131,0.9905639933091652,0.9911362425101402,0.9712618798734006,0.9906088739816566,0.959429398960423,0.9208495046053591,0.9823105108737475,0.9685458697908542,0.7480637011749305,0.9665154793925226,0.950242056984255,0.7207106713270154,0.9224133010776872,0.965101638983308,0.9540842925870825,0.934628758397696,0.916745583493142,0.9867432188009861,0.9188760652748719,0.9798735944128698,0.7052266421260416,0.9883808617192077,0.9939636519806812,0.9943679790166995,0.9340944765811379,0.6572085833237482,0.9798634244300717,0.9742572757895711,0.9963390496230309,0.9816405684571144,0.9104887678761722,0.9963494311821628,0.9820509092523255,0.9884364472197034,0.9860714964580195,0.9940727289896764,0.9786714776968777,0.9411631126555541,0.9039944367966621,0.7436090264668296,0.9905267732995637,0.49405900763231836,0.8006655629843206,0.972620066738201,0.9728895743094544,0.7150188618093414,0.9968054748149058,0.9949176384156597,0.9649797103661906,0.944435266331244,0.9912266421349156,0.968265658909792,0.9679519492584365,0.9956122813751795,0.9866705017321938,0.9848416535861981,0.9937971470981972,0.9749589409530913,0.989304895851131,0.8357565828774525,0.9553221488966351,0.9840306611284431,0.9777999034378089,0.9837367572725648,0.9338054456496063,0.966709462899114,0.9777195846531381,0.4037383286179895,0.966709462899114,0.9937249772066046,0.9952902685366583,0.6456689216800922,0.9990258905718795,0.9866864427042776,0.8647982539833878,0.839983833168658,0.8692130227515144,0.9043465027837301,0.9941042995256912,0.9646561487660384
dance,0.9191337978482936,0.9688580378654879,0.9901921363563538,0.9945579814983017,0.5062122315782428,0.9553570524335043,0.8373862817091775,0.923999578557152,0.9733514242056085,0.9806383996999212,0.9468967455430588,0.9369208750735774,0.9217686380726903,0.9328056491352146,0.9413600797122599,0.8993863233256554,0.5058223729562782,0.9399133458627311,0.6544074719849937,0.985576754705656,1.0,0.9934208674164531,0.9022651452689583,0.9793665984003823,0.8493172070842272,0.9949155267462664,0.7169080238383518,0.9316536554524206,0.988049291419919,0.9702081672593306,0.9965461410234652,0.995849392486973,0.9693454006229525,0.9950525643042689,0.9587629933426864,0.9771513581789539,0.9684880325126445,0.9881629309564661,0.9722070851974407,0.9246850462830086,0.9570746604020106,0.9785781986445224,0.8111486084551637,0.9842617729736336,0.9710877303148813,0.6893639422222806,0.9537977134316151,0.9814744895231018,0.98187030680164,0.9642878310949639,0.9525721025972407,0.9969724820028146,0.8451199963916431,0.9978232544149837,0.7462789923487511,0.9591933338843482,0.9755143213403599,0.9772460884470742,0.9658748756139968,0.6948478709426513,0.9923803395021792,0.9855600913295246,0.9910554799113842,0.9878194596804288,0.8324795415988957,0.9938893539419017,0.9856276935781887,0.9983513296858806,0.9982995730891999,0.9746049316944778,0.9417399490129097,0.9681436415081368,0.943468003210347,0.8026582802902315,0.9637996238121942,0.4685794431774954,0.7082632322337652,0.9388013607405579,0.9920936109514742,0.6989827951305915,0.9853397102611048,0.970929000391748,0.9787304455658561,0.9740931265428616,0.9742100167896748,0.9831303116558958,0.9836088413276438,0.9799252627953415,0.9978281872806345,0.9981265118537364,0.9937975755327875,0.9288285495629476,0.9653438816939519,0.7272277117434237,0.9309394392097705,0.9631342529074213,0.948637970801218,0.961414272955128,0.8673981335766128,0.9188600164847244,0.9893589998797744,0.40069479848143397,0.9188600164847245,0.9697994645056416,0.9938709461558043,0.6672206580695847,0.9885164314093164,0.9958111017860547,0.7744921578829975,0.8896501688609093,0.9170810986902675,0.9293700308816748,0.9858764104366642,0.9498954261228783
dancehall,0.9316118305995867,0.9617853753824228,0.9731065573544718,0.9815648622384234,0.47373547424297857,0.93203382802986,0.7791498233043169,0.9326762065261515,0.9804443593967581,0.9815193479585751,0.9114940843665773,0.9298744761297609,0.9319288173857264,0.9020327015251579,0.9608796328336009,0.9112478467633542,0.5050065102864809,0.9062908340947445,0.7542785927755287,0.9822325360902483,0.9934208674164531,1.0,0.8597553091341943,0.9598266692476038,0.7979426048753437,0.987901418838181,0.7132551525683707,0.8903763824323052,0.9716227907647519,0.9459666367351163,0.9828535025638303,0.9906669835119808,0.9487329725452365,0.9876644579354544,0.96760888812499,0.9795689517141655,0.968151828827414,0.9966927857692998,0.9520795314345214,0.9058166991315115,0.94899029263466,0.9598587540280068,0.7538828931251571,0.9641216553137425,0.9449347050683421,0.6752907204911068,0.9226371413444778,0.9621474995935373,0.9649898294593745,0.9369086374805756,0.920811666460456,0.997684156638998,0.8736799290626305,0.9853015766561142,0.6890689639865532,0.9689173348130464,0.9785055434195368,0.9803637027944505,0.9380319200654743,0.6325198260455923,0.9975637298219893,0.9701246156182868,0.9849965165467234,0.9736755545306703,0.8626078287693911,0.9945617091348071,0.9949005054831248,0.9963818416916747,0.9976398847365752,0.9825223738383657,0.946076866362415,0.9413022627383925,0.9109123882226868,0.7446402116096736,0.9696725425607704,0.4419169135585519,0.7250719410343442,0.9482300577476833,0.9809031052594726,0.668820058469171,0.9891096270043651,0.9788420463298535,0.9601007868838394,0.9486019200531353,0.9719840426696531,0.9644751401392714,0.9650751941569624,0.9866047837344029,0.9977491536921377,0.9976252591565105,0.9838037447186652,0.946780320020697,0.9727832428504529,0.7672967211140602,0.9454893616643485,0.9750110933912813,0.9600433162357462,0.9647631140660647,0.8927000235840976,0.9343083388102634,0.979335071270578,0.36366552261375096,0.9343083388102633,0.9782318956190073,0.9910582065294553,0.6304262946428898,0.9885119112596766,0.9846795892630482,0.8137782169276563,0.8411076512195775,0.8725266209609428,0.9018274150734362,0.9883535877288538,0.9318861771156676
death-metal,0.7288436869199921,0.8828164593582617,0.9443955968842574,0.9343847895100192,0.49896401291887377,0.9291994082605692,0.990451370671341,0.7600878784183437,0.8272171371205982,0.8692226344668814,0.9649439310653325,0.8332903225640135,0.7242036651298915,0.9103149797517542,0.7373554354762106,0.7292379411039924,0.4054799592718289,0.9498498286145057,0.549343757967286,0.8515885239445833,0.9022651452689583,0.8597553091341943,1.0,0.9359551734492007,0.895015168771147,0.9022495681920226,0.5803430526579949,0.9823778025695372,0.9490408988716919,0.9679216464716353,0.936024648513409,0.8989318704097531,0.9327151910539073,0.914944684295649,0.8027630839137117,0.8211458909075027,0.8657744903638245,0.8459596561409157,0.9531536784737045,0.8684520876423367,0.8552908855157813,0.9595152188713082,0.9827992940038539,0.9578699126311097,0.9704410353725936,0.5702446323528083,0.9832288203622112,0.9558873328541492,0.9645106759884846,0.9827370635376274,0.9841733345464481,0.8789886711485637,0.6003626423187378,0.9314219644235251,0.8241057538788601,0.8046119611274742,0.8427443638434305,0.8421228054965251,0.9815543196739783,0.8398244151357477,0.8910000131331557,0.9432850058029858,0.8888529819071415,0.9335846772228213,0.6050316995149385,0.8722104120769674,0.8291353003189512,0.8840469652067793,0.8781564520725665,0.8144100023467769,0.764205165426029,0.9759101669347833,0.9857659979008928,0.8795353260011969,0.814966767471838,0.4589596488633253,0.552659826474037,0.7717305645850492,0.8995509251384376,0.6300781069229562,0.8447221635704489,0.8149789861063947,0.945524212098185,0.9698932927651929,0.8640264101731377,0.9496557916592607,0.9467737544796981,0.8304550504239369,0.8592890598551235,0.8632107592838427,0.9066663723972235,0.7314533676763398,0.8165443122569928,0.491132970256585,0.7585067785503323,0.7953826039211856,0.7964732859491985,0.8065589854243724,0.6738871990661558,0.724763593892854,0.9166911698711377,0.5389734980185801,0.724763593892854,0.8081204716053783,0.8950354445696822,0.6738077662030206,0.8666254964042384,0.9157503840497774,0.5422371910422243,0.9306917554775327,0.9762058856263897,0.8985169789053269,0.8678144591505157,0.9067654056469454
deep-house,0.9040183304249458,0.9810418399168761,0.980235470796989,0.9819255306461354,0.6721028062818536,0.9863770922790628,0.9105977405931662,0.9171736585931451,0.9504145068544019,0.9591918708342916,0.9902769302862114,0.9530594230370748,0.8858624269973793,0.9866117980345945,0.9233988798342017,0.9137848268897049,0.6123653760646887,0.9912552226744573,0.618955157861292,0.9543408591714485,0.9793665984003823,0.9598266692476038,0.9359551734492007,1.0000000000000002,0.9583873292158549,0.9844239034489818,0.7873253149380464,0.9766587440532919,0.9895428897462624,0.9787918281194684,0.9883804213623595,0.9841666186652596,0.9972354462979827,0.9825929364513039,0.9397587304949222,0.9253689730217938,0.9766142803471112,0.9583408331747247,0.9823380431785655,0.9660185253956116,0.9351274760308788,0.981068354272144,0.8879548258515411,0.9926276061707762,0.9650237091505336,0.7844662848292574,0.9797428043920481,0.9702257951661697,0.97539125862052,0.9757405914803241,0.9548150671520264,0.9748606002789828,0.8276346838112243,0.9889922850333974,0.9026653423642772,0.9426682569298599,0.9631431032843337,0.9631089785682749,0.9808080750898382,0.8535322081173776,0.9732776927079843,0.9712951590548121,0.96489296818439,0.9697169844918381,0.8225921689769096,0.9687950463594731,0.9623131956578816,0.9736072806114994,0.9721712498986036,0.9450375742241044,0.9035550457403285,0.9654969126574715,0.9442559359715864,0.9364323671248016,0.9384381577861658,0.6336244117170478,0.7295477532000201,0.8867402509305986,0.9514952478820402,0.810842293337487,0.959486036636146,0.9421688184691426,0.9663918997670331,0.9934340478876373,0.9639769955709467,0.9698152932648221,0.9686192467463759,0.9460446887252263,0.9535883777082427,0.9554581212299369,0.9729351348600423,0.896679554368669,0.9366489969560563,0.7155389907170178,0.9304934774119671,0.9293901229628629,0.9157149555390843,0.9073333929166465,0.8516962446348075,0.900796743947359,0.9684565814202328,0.5945252444818598,0.900796743947359,0.944705788748008,0.9733583165521138,0.8312822665050064,0.9673912033237742,0.9872336493970306,0.7686953465594444,0.9758672310792008,0.977377018863486,0.9840426485923485,0.9706129166392781,0.9580155213366204
detroit-techno,0.8175589956747449,0.942966127034693,0.885972058761946,0.8781007943352501,0.7750052368121765,0.9534580902123115,0.9065558885297726,0.8639815862728786,0.8478746251997473,0.8345949555380927,0.9699799262305905,0.9136478842852147,0.7003857371600186,0.9879012478415439,0.8489858331541826,0.8797854587120946,0.6919093444772233,0.9740643955138779,0.4729652988149663,0.7931510797324572,0.8493172070842272,0.7979426048753437,0.895015168771147,0.9583873292158549,1.0,0.9063965037089867,0.8153587170820242,0.9536450544227681,0.911182021643164,0.9018379382232883,0.8934280828855807,0.8867154359425196,0.9596699234438433,0.8789617436031277,0.8412909738922192,0.7139038917192388,0.9238604144970137,0.8174886187466164,0.9280723348804687,0.9460803713117714,0.7801786293909654,0.9096093005328805,0.8960288420356889,0.9264443620880274,0.8641782640335802,0.8330269202565772,0.9348170526234838,0.8696527963574124,0.8863806713026795,0.9088155616064488,0.8721263806491226,0.845792667864212,0.7643224460510781,0.8970309786155533,0.9682709026795047,0.8474828269709552,0.8761068299843162,0.8691524877966919,0.9233274993107015,0.9157699583606438,0.8765342265648757,0.8707714177067046,0.8228894270423794,0.8539278485355621,0.7653485231751345,0.8333709210069724,0.8555456140504656,0.8401157490937086,0.8293556925604291,0.7911906296801372,0.7030782869064772,0.8751837750441689,0.8492018583105279,0.9939960857304955,0.8137718797605074,0.7440028173141071,0.7037950824963042,0.6786092155090279,0.7468308847262641,0.8632575597675098,0.8195387552281448,0.8011389116710348,0.877313017487755,0.9428333352365927,0.8917513135537537,0.8689074858892822,0.8616829738499756,0.789930003825706,0.744522797681858,0.7489409614363609,0.8491271995337925,0.7775980001448846,0.827467126564889,0.6504861928399772,0.8739408634175169,0.8068909024983113,0.7809219293607127,0.6854985790223974,0.7705435645717055,0.8002972138481974,0.8577899571572009,0.7148593133259971,0.8002972138481975,0.8212640462616045,0.857176232563859,0.9254630633168094,0.8525472530510587,0.9060540917916711,0.7289307090726862,0.9929200785453596,0.9681978968936771,0.979519372255437,0.8705673559639018,0.8900018589389274
disco,0.9239919300198002,0.9889257475429805,0.9904631964659654,0.9922823634566493,0.6038860641191537,0.9746003430754424,0.8586271837532315,0.943475942916268,0.9796623438501821,0.978576176185114,0.9646723505490674,0.9556066998361363,0.9189534640370747,0.9600698469737953,0.9511922570816775,0.9104626212696463,0.5883248154727787,0.9606205035524558,0.6375983821229201,0.9845678797406149,0.9949155267462664,0.987901418838181,0.9022495681920226,0.9844239034489818,0.9063965037089867,1.0,0.7749755803151862,0.9419705032796009,0.9821285800110536,0.960431430868639,0.9911114114312145,0.991284790015287,0.9776612177904801,0.988374123768567,0.9625421019181786,0.980747474584895,0.9729057522965261,0.9854733374779292,0.9836605534016801,0.950806622564304,0.9502415111424283,0.9813704751604565,0.836517182895937,0.9852615477130833,0.9658325835915461,0.7632097448724279,0.9551327465747994,0.981205896211824,0.9779625502159401,0.957414524397773,0.948015277997347,0.991117658145428,0.86493009543717,0.9933969261349278,0.8343139268658981,0.961148520439512,0.9763329555962292,0.9762733153930232,0.9685189226057187,0.7765740628032266,0.9873210956615781,0.9864809415866476,0.9908664315402615,0.9878063722216862,0.8506010888193276,0.9916564157975243,0.9843142969231982,0.9963180289848579,0.9943926168384752,0.9719922266297152,0.9338406872741957,0.9641254124876422,0.9329035684746759,0.8631815173327662,0.9683241813350355,0.5697024222957289,0.7332210365968266,0.946077723507597,0.9888342948274891,0.7761619823820823,0.9820594064127575,0.9718289447380604,0.9831603366440416,0.9742583896520425,0.9835482285300972,0.9835758794364137,0.9840121287837053,0.9822677514628506,0.9919333173120382,0.9917210585329601,0.9932431070072577,0.9410275239636426,0.9765914468392797,0.7470488045712879,0.9321493064345283,0.9744914062810028,0.9589925732722671,0.9630874757568704,0.8743543861539196,0.9210485856660972,0.9934810466869586,0.49222427903729404,0.9210485856660972,0.9712696130000671,0.9931760640690601,0.7620827869557917,0.9888879230660037,0.9986830673326157,0.8001678846273925,0.9250861352355433,0.9332937606310692,0.9612184314315688,0.982226618554473,0.9471064208208188
disney,0.9093665468335621,0.8464020336013067,0.7317082238415547,0.7425472348344229,0.9459490406065957,0.8544236138609556,0.6597657550184508,0.9219635275514733,0.8407951206509197,0.8011193981341462,0.7056017128753488,0.9235008596387652,0.7880264338112265,0.7687897807176673,0.8839324235452772,0.9465335868138266,0.9666526760142677,0.8210352070613276,0.5844841945464428,0.7631397432363105,0.7169080238383518,0.7132551525683707,0.5803430526579949,0.7873253149380464,0.8153587170820242,0.7749755803151862,1.0,0.674463753612927,0.7513416615044992,0.7313144500630719,0.7285638549156872,0.7932635340903504,0.8251307056003255,0.773743228124621,0.872367537310136,0.6846479780441294,0.8793258419460985,0.7683043253018622,0.7877484498616967,0.9165836742551698,0.7834770938234175,0.7712685824375376,0.5986239803184676,0.7664436833728345,0.6656427136866032,0.9937558011850844,0.7044597856007419,0.6920643579501065,0.6725839181940352,0.6699486362254248,0.5983898321475047,0.7443546982534082,0.9293015360096399,0.7299354227336976,0.9161956683061863,0.8749621872449924,0.8624132450473004,0.853187103013539,0.6896600530756061,0.8860955921782316,0.777280000678534,0.7208161440946023,0.7586435409096888,0.7305534155084179,0.9503378028469635,0.7714164775074879,0.7875125134551895,0.7260411433963654,0.7165629184782678,0.7942445848110321,0.7599557790830856,0.6459247495447245,0.5692317358214161,0.8169316541539545,0.8238794333033015,0.9376920265266483,0.9590942361859578,0.7101924751797037,0.6137640252255334,0.990383348226765,0.7908096482081299,0.8103859278901284,0.703900965025344,0.7271880755339815,0.8559249779160454,0.6979592308776146,0.6881416350653365,0.7720038217402574,0.6496073748239121,0.6474213138025868,0.7537925933618397,0.8495456259077374,0.8226250560455082,0.9326585734549611,0.912926103884895,0.7941904732858904,0.7984643245009377,0.6855257907163792,0.9253518708104813,0.8924499330828726,0.7078162113257599,0.8287269842338302,0.8924499330828726,0.829340982641354,0.7763787598085483,0.9428615305678616,0.8093150640460801,0.7710740887741551,0.960841251058992,0.8047324029947287,0.7143727495719663,0.8710762138965668,0.8264982065275828,0.8527405068371183
drum-and-bass,0.8035442730388329,0.9359337089380606,0.9619617478849432,0.9555667991936745,0.5934544666140005,0.9691223799999544,0.9750900477903213,0.8331776631264893,0.8780265876303452,0.9049143968721619,0.9927518918404425,0.896466316733965,0.7757522979030629,0.9651047263051639,0.8184508845940803,0.8175645219423564,0.4975566165825994,0.9864114205428349,0.5899456262215983,0.8864618754108419,0.9316536554524206,0.8903763824323052,0.9823778025695372,0.9766587440532919,0.9536450544227681,0.9419705032796009,0.674463753612927,1.0,0.974514385976889,0.9817978519594748,0.9608055288038818,0.9386462128686682,0.9760286565548837,0.9473023982598181,0.8604860998350462,0.841482755262333,0.9234633012335451,0.8869006349229023,0.9755890097169426,0.9268156534533905,0.8834552707840846,0.9752737711131381,0.9610881830581661,0.9801546059801152,0.9692971659493342,0.6713359379654027,0.9964411551103387,0.9619711745103707,0.9702239100806904,0.9886513511500303,0.9737528549991974,0.9158956050186245,0.6893838099943419,0.9586095836588979,0.8927840547010275,0.8623203300805248,0.897938403858788,0.8969695412550318,0.9889531814980214,0.8786770685915342,0.9266462540898598,0.9562915010711251,0.9152040500563754,0.947654323541306,0.6895886648104117,0.9077654289223875,0.8867190656969404,0.9169134650030755,0.9112870308720826,0.8606941470237217,0.8041828183024728,0.9732854595269483,0.9684675068597846,0.9401925056234701,0.8627470896611242,0.5515754554519462,0.621462786160804,0.7929759068314788,0.8988416987837814,0.7259665103543073,0.8882071898569468,0.8604375696814105,0.9574466058945679,0.9902209280260743,0.9140823931691102,0.9594948423940779,0.9559674046994144,0.8694585141012561,0.8760490572759403,0.8797684878043377,0.9336222747873039,0.7931262225224918,0.8637415617290376,0.5683921752964236,0.839980224309107,0.8439596091952353,0.836289372637026,0.8194735108350785,0.7432992464505526,0.7978095584734352,0.937070821479645,0.5894797593579979,0.797809558473435,0.8617967151525217,0.9266336359733045,0.7742899630793513,0.908724761321881,0.9515812301963333,0.6278495406533797,0.9778882092615478,0.9966613023316204,0.9561474727331699,0.9137483484445643,0.9415658325548368
dub,0.9076381162751871,0.9661551913318647,0.9916899867157456,0.9942436653070404,0.6031530519426397,0.9811290365120049,0.9143274065782185,0.912694316668089,0.9564360691555265,0.975674203999056,0.9769132129102829,0.9482264859862192,0.9086039214000765,0.9554677202569085,0.9147197810565535,0.8985597558371365,0.5528219111225656,0.9783043973184042,0.7026428059522205,0.9722487566184328,0.988049291419919,0.9716227907647519,0.9490408988716919,0.9895428897462624,0.911182021643164,0.9821285800110536,0.7513416615044992,0.974514385976889,0.9999999999999999,0.994887380642084,0.9962266048389896,0.9908510511416592,0.9890782788453385,0.9952062918734953,0.947350519889191,0.950377580291089,0.9725485476187954,0.9684723181619896,0.9867693984003811,0.9548566187799972,0.9633780303432394,0.9931372831969323,0.8891919034684854,0.9971460191067814,0.9860549708772393,0.7321033819133678,0.9866729823987936,0.986727719718614,0.9898153891550715,0.9897839117834185,0.9742782770805258,0.9819388567994063,0.8164842384223907,0.9947068568132117,0.8469720270476719,0.9486674851123396,0.9680868385763514,0.9690152901723833,0.987126998173744,0.8177217603862716,0.9813665760444106,0.9856136932596364,0.9819498815771548,0.9872381278605595,0.8151449691876206,0.9795432402411999,0.9611305145264186,0.9800976241092993,0.9793458093746217,0.9586125908543095,0.9322324858911295,0.9836933939734522,0.9694795773400836,0.8817898093316792,0.949762949378413,0.5617975665365382,0.7284535436403308,0.9156142253545207,0.9767142374034943,0.7654658136304635,0.9712365093097806,0.9542639061015168,0.9795900800558344,0.9932030616635177,0.968649454516471,0.9855552995464867,0.9845285216094635,0.9606883808680695,0.9742607268373642,0.9751556970794112,0.9871853238110103,0.9026687926578063,0.9432588879473278,0.7117412620227015,0.9232308460211405,0.9306155982358751,0.9279322191833623,0.941462299780469,0.8605568105370696,0.9063797776035425,0.9779724000263879,0.5296822959328358,0.9063797776035425,0.9524484735966353,0.9850237967168709,0.7499736886909483,0.9774114990229815,0.9891080515841093,0.7523749043200356,0.9449709134887211,0.9658969048911562,0.9601518379323122,0.9794534892671567,0.9751422180374676
dubstep,0.8839768232254106,0.9401051337100907,0.9828128365851583,0.9834612222933596,0.5994019709977427,0.9718002057496831,0.9380641387546087,0.8840877176520288,0.9296031071078159,0.9594386776898823,0.9734745455723608,0.9301030398379138,0.8873903123128597,0.9391447946424945,0.876639880441477,0.8719155575057767,0.5353730096074966,0.9741933056860435,0.702628169312567,0.9522673645571931,0.9702081672593306,0.9459666367351163,0.9679216464716353,0.9787918281194684,0.9018379382232883,0.960431430868639,0.7313144500630719,0.9817978519594748,0.994887380642084,1.0,0.9865903935175266,0.974742566313224,0.9798254527213182,0.9826258277287145,0.9248504884584907,0.9248678818716629,0.9540113356439381,0.9420434408104754,0.9785871671113631,0.9414555164123328,0.9570476721753804,0.9891266168679337,0.9134820573279971,0.9917994718265488,0.9892348655297917,0.7098810514129515,0.9931567249556665,0.9817293164439549,0.9861037720603008,0.9969995662894755,0.9825057385177863,0.9603181934270792,0.7789788035392271,0.9832540605802382,0.8442321193185996,0.9271174141128212,0.9469747072760076,0.9479833145356169,0.9890362827826822,0.832829656572244,0.9611963887115522,0.9779623879770849,0.9655430124138058,0.9776713119577565,0.7854946492764124,0.9584772491981564,0.9287489364775623,0.9575272856165631,0.956425845164329,0.935050423838594,0.915529213859597,0.9873783145270356,0.9825522030093814,0.879222393622616,0.9260713187319547,0.5565661493456828,0.7218255541030469,0.8916269752645763,0.9622550156672741,0.75236455686686,0.9491189982395816,0.9309961994113214,0.9699288772542283,0.9927064364066686,0.9462091632443337,0.978669775772757,0.9769442605361363,0.9349306507616799,0.9505121384766606,0.952182423173874,0.9720418359013855,0.8697540013888443,0.9142065171752454,0.6886824894117316,0.896178983995954,0.8964633859053316,0.9013144780568364,0.9210143436427064,0.8400004072738341,0.8820001885525719,0.9601604298170419,0.5487864384222056,0.8820001885525719,0.9265053917446644,0.9677785777617245,0.732889335602449,0.9569613058038835,0.9717950146525036,0.7200932492621717,0.9427326684213541,0.9727712781607678,0.9440363003359581,0.9604931898276741,0.9752165763701308
edm,0.9058104362894007,0.9695856754765734,0.9954132327280176,0.9977598066397322,0.5592583284686871,0.9725950093409026,0.890266971615912,0.9131329683858045,0.9626207859414704,0.9774960638274812,0.9700719010331191,0.9403694165193708,0.9099573795939269,0.9509314242274614,0.9205814376068112,0.8908464252304915,0.5239941635910277,0.9661162018028095,0.6506559026736072,0.9793734881635243,0.9965461410234652,0.9828535025638303,0.936024648513409,0.9883804213623595,0.8934280828855807,0.9911114114312145,0.7285638549156872,0.9608055288038818,0.9962266048389896,0.9865903935175266,1.0,0.994090093567508,0.9825349575675714,0.9956910449720875,0.9489956836122454,0.9668273273810108,0.968133877595867,0.9767978001118582,0.9840555305483037,0.9413141028947329,0.960575074826195,0.9898484884707196,0.8653786236181695,0.9951092777790052,0.98500870143217,0.7096847020032581,0.9759692684055169,0.9895994000010138,0.9907434195116849,0.9824258618668038,0.9717806066558239,0.9901042451563897,0.8192353586189902,0.999749619149231,0.8138545649897899,0.9500422767555035,0.9688426994296705,0.9702490683906464,0.9834081121159994,0.7754070393247822,0.9860923723173287,0.9908654686380471,0.9887569628282247,0.9918618251279192,0.811673655834676,0.9874519531680048,0.9707496818738055,0.9913930697612898,0.9907485717703843,0.9641461972260668,0.9341203509356066,0.9828430322910314,0.9650285989817795,0.8572521935321297,0.955077820321296,0.5182341745214096,0.7078133305973878,0.9292098057404754,0.9913333279187886,0.7347451536827807,0.9769121406787078,0.9606791764237859,0.9843590751810836,0.9892060453080045,0.9696978063349644,0.9895970473829858,0.9895642739231784,0.9695170227602461,0.9892591655651506,0.9899866017302392,0.9928318830961197,0.9104147752449219,0.9534919225814218,0.7051798407010701,0.9189678086933069,0.9468830261503907,0.9381820552448024,0.9551552909596421,0.8534622915857644,0.9046710508000947,0.9880789480665637,0.4782838021048018,0.9046710508000946,0.9578804776772283,0.990815379275168,0.7196450883362999,0.9824910417779671,0.9950240811044638,0.7511467880615612,0.9281591889994899,0.9508716879303575,0.9500730560758227,0.9806180613933712,0.9629180223624829
electro,0.9488963411996991,0.9770811882824623,0.986505092599999,0.9927752409497599,0.6077921514533124,0.9743107663869908,0.854217403048328,0.9485086213412111,0.9832318846900597,0.9912821939402725,0.9532249417485831,0.9653494796269609,0.9504474553812436,0.9446727767788061,0.9581490614617515,0.9352783778445142,0.6004080460840642,0.9607478103925655,0.7222486316634342,0.992279649775175,0.995849392486973,0.9906669835119808,0.8989318704097531,0.9841666186652596,0.8867154359425196,0.991284790015287,0.7932635340903504,0.9386462128686682,0.9908510511416592,0.974742566313224,0.994090093567508,1.0,0.982694574487605,0.9982859847697869,0.9775777066750735,0.9787350292610122,0.9865083840868579,0.9917739060918603,0.9764855032686619,0.9584662071011736,0.9758688038524668,0.9816149107726588,0.8234207333078966,0.9874295697569857,0.965481146095131,0.7705825518437016,0.9577616560513071,0.9750194612189165,0.9748232702591928,0.9628809629906436,0.9427646112969315,0.9966180055243636,0.8827456802635926,0.9943507449553888,0.8192858727892771,0.9790266931988383,0.9899380174402557,0.9910306054828517,0.9634001955299747,0.7702795315043235,0.9925380449585721,0.9801381902131998,0.9930924446449454,0.9845040677042186,0.8781427353394957,0.9968597654624958,0.9861518633610866,0.9943121930732077,0.9941679144918436,0.9875377417761217,0.9660369764382284,0.9604043307492425,0.9333467055901292,0.8494025613321285,0.9778218834204573,0.570265658826548,0.7782208773196242,0.9520942359816877,0.981528344780358,0.7821873500400507,0.9939666591340891,0.9842330999604725,0.9704401414047368,0.9755930281126113,0.9844132453348392,0.9759125134854298,0.9756838410154411,0.9866644688313738,0.9928406804868828,0.9924995223008033,0.993568153658899,0.9479569897487322,0.9716263327546977,0.7889890868070688,0.957246456921842,0.9667267137443889,0.9600696476199538,0.970693654571522,0.9089072415278305,0.9484966218948168,0.9808193484387212,0.49171791253163966,0.9484966218948168,0.9834843570379741,0.9963118533040594,0.7472008511757757,0.9951314156779913,0.9938817627269385,0.8273261051417655,0.9190913662504132,0.9312388635490819,0.9560790305053339,0.9960220884391021,0.9707069892418624
electronic,0.9211172130489823,0.9805713957951502,0.9745584684003092,0.9769591288955786,0.7116623352042841,0.9932352455013294,0.9141749325618591,0.9318304482335455,0.9534916162483945,0.96224038922816,0.9864643444762577,0.9686012142346221,0.8909132631648229,0.9820643114862465,0.9301501487101215,0.9329567399361577,0.6556652090511357,0.995606918240334,0.6769736903574797,0.9491724114511588,0.9693454006229525,0.9487329725452365,0.9327151910539073,0.9972354462979827,0.9596699234438433,0.9776612177904801,0.8251307056003255,0.9760286565548837,0.9890782788453385,0.9798254527213182,0.9825349575675714,0.982694574487605,1.0,0.9814298558228202,0.9496076846839311,0.9094929470321748,0.9856532160855358,0.9537224077192503,0.9825584007686755,0.9813527952519665,0.9408233475502374,0.9816252253589335,0.889884247877047,0.9912340354429733,0.9588683494254749,0.818351178318917,0.9800346762013207,0.9633143308431293,0.9694974860034222,0.9736620027841028,0.9472268955549419,0.9677950822513257,0.8485322377378456,0.9824480398674313,0.9193231271533056,0.9531146422619815,0.9698624793436696,0.9688728903660764,0.9763244331720049,0.8776705013024771,0.9722545045270243,0.9648931863685777,0.9594553221723991,0.9637559499433295,0.8505333213883026,0.96372502839392,0.9566951174458467,0.963228664066386,0.9608956251539122,0.9446110733209642,0.903835792811459,0.9584323238143233,0.9368278163093188,0.9399325135877712,0.9425481029575364,0.6745608905679166,0.776035264444894,0.8801225345097909,0.9292635828446023,0.8455488576303075,0.9577776803877681,0.9439634751835524,0.9588301063690092,0.9903176562937908,0.9691675347254713,0.9622839820546033,0.9600584368002478,0.9417891988417297,0.933081567718913,0.9352151155176167,0.9674518084683305,0.9043815469579262,0.9370100836377186,0.7533627981442312,0.9448005497295926,0.9252214067732055,0.9179735053957323,0.8949371616028763,0.8796300196479081,0.9165852230214184,0.9582349191644828,0.6293804356606042,0.9165852230214184,0.9478574085763944,0.9706435021449125,0.850099961933364,0.967144745191912,0.9818785759625761,0.7998667511147767,0.9783701412786197,0.9777534008394853,0.9898316738638164,0.974251153232012,0.9717236516209873
emo,0.9380177860595219,0.9711295389406456,0.9898723063266308,0.9953201813293628,0.5861842591122908,0.9736671364453909,0.8683567354123141,0.9377449206599265,0.9769477032225679,0.9895687565097483,0.9560922773829934,0.9585156536218056,0.9405382278752832,0.9402116951103103,0.9459857030000948,0.9225329962924129,0.5744112359861417,0.9603812154877664,0.7381996991109723,0.9885343651176131,0.9950525643042689,0.9876644579354544,0.914944684295649,0.9825929364513039,0.8789617436031277,0.988374123768567,0.773743228124621,0.9473023982598181,0.9952062918734953,0.9826258277287145,0.9956910449720875,0.9982859847697869,0.9814298558228202,1.0,0.9704740616928291,0.9734676978105081,0.9817031766610498,0.987500574855241,0.9800160515933585,0.953341251619963,0.9749848786400499,0.9869093150979027,0.8396022676435755,0.990169222111594,0.9750687504669553,0.7463643782978022,0.9669033311528348,0.9816909631883388,0.9826343951108371,0.9731254559845621,0.955403463443832,0.9937284061291731,0.863353223589665,0.9951586640234236,0.8052101251992134,0.9715118044828357,0.9845264756004528,0.9856992993207648,0.9711656629040168,0.7649270986758595,0.9922257022691938,0.9845885812266384,0.9925525407994757,0.9885536307145725,0.8610465514087929,0.9936213856295023,0.9800658674964833,0.9914383281096593,0.991224895401135,0.9812545670686426,0.9587279412135474,0.9705184968625412,0.9482795496956653,0.8405871265233047,0.9713449836780048,0.548117166055881,0.7651006253121388,0.9445313487711933,0.9834110778840104,0.7635623854279404,0.9892980529177988,0.9773436106927469,0.9762913646305196,0.9796380925761949,0.9807913372727367,0.9820620865884795,0.9815625548762787,0.9817869784406137,0.9899486608370907,0.9898417421452993,0.9938965194691547,0.9366688981402356,0.9653031619013563,0.7690369766757936,0.9472797146367007,0.9569004426977106,0.9529531122795882,0.9656754091888865,0.898792738923359,0.9380062951961685,0.9824234870014912,0.4785679330949848,0.9380062951961684,0.9757920420030934,0.9952443727011513,0.7230386204742256,0.9917936454631713,0.9926070896820448,0.8047560346144089,0.9158308220740796,0.9364227435779554,0.9497575947537792,0.9931098820597013,0.9731813686412276
folk,0.9914208351633409,0.9645483459963664,0.9472121164771871,0.9574362789472527,0.6742059469539412,0.9544464020530444,0.7824503906578801,0.988330609202818,0.9952938737831155,0.9883178981864347,0.8823063300262765,0.9839966920413241,0.9895563236191134,0.8896552976144185,0.9866570299367486,0.970232140403887,0.7143228254501308,0.9221787883539758,0.7438784709825526,0.9905639933091652,0.9587629933426864,0.96760888812499,0.8027630839137117,0.9397587304949222,0.8412909738922192,0.9625421019181786,0.872367537310136,0.8604860998350462,0.947350519889191,0.9248504884584907,0.9489956836122454,0.9775777066750735,0.9496076846839311,0.9704740616928291,0.9999999999999998,0.9795061650282393,0.9828233692776103,0.9837849478466005,0.945317453394955,0.9607006675957297,0.9810988711017818,0.9474301663193416,0.73579919213387,0.9452775884016655,0.9073391463782531,0.8431582100979832,0.8937533724994341,0.9269206817789543,0.9140212605085143,0.8939070830271945,0.8592627199166373,0.9696427478942948,0.9601057849514749,0.9492198438132298,0.8124371742924554,0.9991683366550541,0.9967573586706915,0.9960179318840576,0.8987101695070492,0.7645927338703115,0.9683420218237495,0.9422888762172725,0.9798018687383705,0.9531692023765947,0.9589865508223339,0.9844524039091854,0.973663285476025,0.9658143553429156,0.9639714509799623,0.9963608781857352,0.9912883759670499,0.8936084330840073,0.8438324402384978,0.803328200781346,0.9930008266907662,0.6451916343544908,0.8772358881898696,0.9760104992440815,0.9349789200417944,0.837485672483318,0.992525249771352,0.997735094644417,0.927621202629761,0.9154741416447487,0.9889977123595786,0.9308967441948848,0.9291907416943457,0.9909233955725911,0.963419731820963,0.9605355586512432,0.9719521595953932,0.99005734751449,0.9870251062619515,0.9030766578194953,0.9804688387590359,0.9812604083588625,0.9805432914464071,0.9789017301706266,0.9728232684124722,0.990214328604208,0.9447127112986613,0.5306355893152437,0.9902143286042078,0.99759398134097,0.9796748964574945,0.7662064174822005,0.9908099173416169,0.9632055260879322,0.9296475334549259,0.869795924457211,0.8602311817698671,0.936071564411489,0.9905165905724105,0.9648815064321534
forro,0.9478731214973275,0.9389002516826408,0.9700141293296948,0.9744407455303792,0.43716515681560203,0.89720501264404,0.7248263315634977,0.9542902230854124,0.9910212692035659,0.9858264274285531,0.8584135570706359,0.920408130823231,0.9489085452505093,0.8360060330539005,0.9629591298835916,0.8905562588165418,0.49211617463140483,0.8500141259668867,0.6793706518066257,0.9911362425101402,0.9771513581789539,0.9795689517141655,0.8211458909075027,0.9253689730217938,0.7139038917192388,0.980747474584895,0.6846479780441294,0.841482755262333,0.950377580291089,0.9248678818716629,0.9668273273810108,0.9787350292610122,0.9094929470321748,0.9734676978105081,0.9795061650282393,1.0,0.9440649537096917,0.9866750432554963,0.9393583465470756,0.8644946221210259,0.964528541118717,0.9517042757002525,0.6953888626382219,0.9454198900462502,0.936886032601774,0.6382060218057932,0.8916067409222459,0.9584796618782315,0.94549312775298,0.9131460934822913,0.9048370143057597,0.9789886993306292,0.9059818183607025,0.9690773745959698,0.6162223541467388,0.9760026098999776,0.9781578255308578,0.9789475413391037,0.9127282829944561,0.5713557196190032,0.9763874844569598,0.9729656371603332,0.9910897829442031,0.9769746892593526,0.8888073909119172,0.9900142890309847,0.9767481764651448,0.9851029631041872,0.9815380808798446,0.9828548566367374,0.9561715668667586,0.9288924736242197,0.8897051020287012,0.6542451115112149,0.9872637915686495,0.4134931506334716,0.752432885446416,0.9854318337272212,0.9753152475276381,0.6230953287545318,0.9859278992027829,0.9876226448209208,0.962601957958562,0.9174567522746968,0.9802731052470837,0.9635266801340969,0.9642616628872877,0.9948731371691135,0.9836032229650682,0.9812109275993907,0.9860225529848814,0.9757159323196497,0.9951849765571033,0.8136577206635254,0.9279647743509594,0.9941149523750363,0.9887750334534493,0.9914046652486055,0.9149549235500762,0.9456978763769283,0.9806221058793295,0.34181725817475983,0.9456978763769284,0.9841528189339015,0.9905982291042372,0.5610072679906435,0.9910857104865549,0.978257915617145,0.8499913372296242,0.7633621988714612,0.8116005867451086,0.8454553420459983,0.9804285288857719,0.9317591045245199
french,0.9666292645487734,0.9820680882071087,0.9579060566985035,0.9671413501626387,0.7368825440373007,0.9832490240655583,0.8509685395370001,0.9673429886366061,0.9798302542096783,0.981109355488405,0.9420700631723025,0.9870042367530116,0.9487539112921366,0.9510648053310746,0.9731866735995027,0.9748964765681332,0.7227969352006959,0.9714640865659567,0.7481349883083841,0.9712618798734006,0.9684880325126445,0.968151828827414,0.8657744903638245,0.9766142803471112,0.9238604144970137,0.9729057522965261,0.8793258419460985,0.9234633012335451,0.9725485476187954,0.9540113356439381,0.968133877595867,0.9865083840868579,0.9856532160855358,0.9817031766610498,0.9828233692776103,0.9440649537096917,0.9999999999999999,0.9789321960264444,0.964456620447331,0.988617368062454,0.962476694221228,0.9638927192869295,0.8161794502179779,0.9707266984609162,0.9271713548804144,0.8646556165782648,0.9397379104181577,0.9405272651580869,0.9422279200908414,0.9345070894952547,0.8972151978341694,0.9777587940002617,0.9169656650606898,0.9685918071180779,0.9010676643316564,0.9863341822813964,0.9918962262778588,0.9913737914122658,0.9367964133025741,0.8521991194971035,0.9813838137644736,0.9493302156350261,0.9694614800388353,0.9546134626746544,0.9209291128880339,0.9795812169319352,0.9776580021531285,0.9693515991882282,0.9689250210890978,0.9797531392598842,0.9546095810338369,0.9206473718007293,0.8850596206394736,0.8990878995418051,0.9727757210989647,0.7047331417601171,0.8426371969313519,0.9283971298255398,0.9305302804561685,0.8736521827867428,0.9829640505298582,0.9778027074035986,0.937293290246183,0.956514499249673,0.9824292183417003,0.941477250864378,0.9394300955845561,0.9717323584284135,0.9533507417548255,0.953206283933129,0.968606473257921,0.9536235064255641,0.9635969820205426,0.8447865750755279,0.9840335209984861,0.9566143134116772,0.952620925616642,0.9366256535081183,0.9415081635341231,0.9659951295981211,0.9490013716725954,0.6214043489932843,0.9659951295981211,0.9810985634051452,0.9784719259410815,0.852894927673358,0.983523545809829,0.9738374025913661,0.8844238330795894,0.9415742715712354,0.9275061872256831,0.9801104689034439,0.9918359203516309,0.970643886711227
funk,0.9562627865976472,0.9688394532039011,0.96919697243482,0.9784956100825353,0.5324075571695972,0.9442863857699431,0.7835593996459442,0.9570317572924836,0.9914484384152339,0.9903450636671545,0.9085248885041644,0.9526708786989684,0.9563326000164014,0.9054644775151981,0.9773588766823944,0.9367377372456085,0.5704643505834325,0.9160685226182412,0.7954020319713337,0.9906088739816566,0.9881629309564661,0.9966927857692998,0.8459596561409157,0.9583408331747247,0.8174886187466164,0.9854733374779292,0.7683043253018622,0.8869006349229023,0.9684723181619896,0.9420434408104754,0.9767978001118582,0.9917739060918603,0.9537224077192503,0.987500574855241,0.9837849478466005,0.9866750432554963,0.9789321960264444,1.0,0.954469086379155,0.9293532106550861,0.964330509005584,0.9597997684355584,0.7536248300495094,0.9621586083976299,0.9366583184556548,0.7317331930584124,0.9178462222773145,0.9554125282749303,0.953909444322363,0.9274620324980101,0.9062965794027076,0.995309725726125,0.9082105806133223,0.9788320338577731,0.7287864846884806,0.9843533273724403,0.9898720236451685,0.9910714261624514,0.9293329869801084,0.6738001075203403,0.9950665479879983,0.9654772877075558,0.9884248667745154,0.9716169082348003,0.8995021545939538,0.997112931473337,0.9960830368833957,0.9926621224844993,0.9930924128523948,0.9935027584831564,0.965793829446691,0.9300796618832672,0.8941666296862831,0.766935727725532,0.9845194434982526,0.501093686048034,0.7762736949559209,0.9658986115361601,0.9723062200705074,0.7237818941748955,0.9963019757070508,0.9909626063357804,0.9547343232403975,0.9422856244373161,0.9832829008934085,0.9582909335932667,0.9584535262904708,0.9952179006484493,0.9935242875499134,0.9922516257849185,0.9849536425501138,0.9680830793218087,0.9836266118831347,0.8153929115687816,0.963759430902922,0.9833670236337755,0.9748278856512083,0.9775963656976302,0.9246966307041595,0.9579995603635063,0.9741402917137538,0.4089684527405941,0.9579995603635062,0.9910885742833808,0.9930237325738139,0.6716961725342714,0.9949944363073748,0.9829933832456592,0.8573742621766193,0.8553557088640962,0.8740061937471473,0.9185505687350529,0.9949208234048171,0.9455967499164487
garage,0.9034333166078818,0.9803650131809383,0.9923949297356458,0.9890751346327764,0.6532116400337666,0.9908998980012667,0.9294264959007622,0.9313379796772114,0.9594642856808128,0.9655700025064269,0.9833961692388287,0.9593622206137926,0.8830817434328958,0.961100717206471,0.9136044808734667,0.8903242025371096,0.6117125891809634,0.980666412239231,0.6889201095371061,0.959429398960423,0.9722070851974407,0.9520795314345214,0.9531536784737045,0.9823380431785655,0.9280723348804687,0.9836605534016801,0.7877484498616967,0.9755890097169426,0.9867693984003811,0.9785871671113631,0.9840555305483037,0.9764855032686619,0.9825584007686755,0.9800160515933585,0.945317453394955,0.9393583465470756,0.964456620447331,0.954469086379155,1.0,0.9645755882054984,0.9444510856405903,0.9971185483909044,0.9131250954574346,0.9936600614841009,0.9829362088503688,0.7743990511192513,0.9826659608768189,0.9899535578624902,0.9879679092781376,0.9801521726610943,0.9753527594359157,0.9626629373776631,0.8312132889089145,0.9833827047624801,0.8802584128124209,0.9435914046921821,0.9606813306614578,0.9581686384611636,0.9899039748825372,0.8556921986569883,0.9708079476684536,0.9899392947185098,0.9762503845376707,0.9883715260767982,0.8300940009379099,0.9678901668665489,0.945828605823374,0.9685430234995609,0.9626101457221995,0.9405199878257269,0.8988230796194634,0.9833622760004603,0.9629691485555252,0.8932398721693885,0.9465639243759674,0.6194480877025121,0.7568614487750994,0.9093399296371342,0.95933496422535,0.8052494844771636,0.9551024974408615,0.9458790456375814,0.9909920650370762,0.9864548123894323,0.9766050821364336,0.9897413631956954,0.9881093857167883,0.9525197773998901,0.9463840073944112,0.9469958830751742,0.9825395933491534,0.9116700865891971,0.9563772279925865,0.7323685021868456,0.9058604207916038,0.9424113783010128,0.9365164116264271,0.9234563088624443,0.8648436551667567,0.8966999196961511,0.9839068119641728,0.582158566455123,0.8966999196961509,0.9433675745900099,0.9793448185064715,0.7859422920635373,0.9707297748620431,0.9878995792190484,0.7782343970909943,0.948410357544754,0.9665196462818584,0.969212805708646,0.9662130828809437,0.9665577671827996
german,0.9495978778618124,0.9764410930911083,0.9387788904414367,0.9423213404305675,0.8101287273029563,0.9898384716006579,0.8797716845594802,0.9657819906853597,0.9543380667467956,0.9488836161486471,0.9417778712525294,0.9922330091232355,0.8829079038420593,0.9504070525766595,0.949017535159921,0.9690664271073426,0.787382246039132,0.9789819536949786,0.6755907548316638,0.9208495046053591,0.9246850462830086,0.9058166991315115,0.8684520876423367,0.9660185253956116,0.9460803713117714,0.950806622564304,0.9165836742551698,0.9268156534533905,0.9548566187799972,0.9414555164123328,0.9413141028947329,0.9584662071011736,0.9813527952519665,0.953341251619963,0.9607006675957297,0.8644946221210259,0.988617368062454,0.9293532106550861,0.9645755882054984,0.9999999999999999,0.9237144577320748,0.9579826123794162,0.8459573206815972,0.9601733167873905,0.9093116974304977,0.9060141955744119,0.9385748281669171,0.9212494116355996,0.9218648698941372,0.9235705367692106,0.8828178617495985,0.931619527118573,0.9072253707735585,0.9414160134170111,0.9489690193161873,0.9636775850385773,0.9711397408868956,0.9669070007363446,0.9307749765593579,0.914856385291215,0.949881976419584,0.9295859132347695,0.9303858046899487,0.9298454160435368,0.9181117281199411,0.9365994880241776,0.9357592405189243,0.9234805560521164,0.9172022415436174,0.9277511498639219,0.8803314727015041,0.9045842478705721,0.8662636077288521,0.9279044225702271,0.9406855017750639,0.784057641872575,0.8724600251791319,0.8547493201402435,0.8567686891819333,0.9229446639969324,0.9374834193054862,0.9350822466833592,0.9228907538769617,0.9471564905690857,0.9723926243310959,0.9218143697189836,0.9169594126272762,0.9208947163954019,0.8671783785727638,0.8685424511064759,0.9365310296233751,0.922669061867759,0.9379002904742977,0.8467390369933716,0.966578856614044,0.9198856596123652,0.9181487432659777,0.852592450575457,0.9326413553788389,0.9411980903895848,0.9207569911930024,0.712531303610654,0.9411980903895849,0.9442873202114248,0.9471230359311568,0.9023568378083607,0.9524792367920734,0.9532630763222122,0.8875906921268679,0.9567747091609978,0.9356456766349238,0.9895067948549091,0.9639681758021551,0.971200396566412
gospel,0.9662088813816433,0.9286454938014275,0.9584266654779782,0.9657125675357194,0.5619484797459517,0.9346017135375697,0.8061120209953614,0.9532743512200517,0.9727661455704949,0.9902841991883022,0.8827622939313456,0.9542793400958428,0.9754622832497825,0.8568750810859949,0.9433960198355149,0.929807541083524,0.5966153727158122,0.904681302329911,0.6860288687013776,0.9823105108737475,0.9570746604020106,0.94899029263466,0.8552908855157813,0.9351274760308788,0.7801786293909654,0.9502415111424283,0.7834770938234175,0.8834552707840846,0.9633780303432394,0.9570476721753804,0.960575074826195,0.9758688038524668,0.9408233475502374,0.9749848786400499,0.9810988711017818,0.964528541118717,0.962476694221228,0.964330509005584,0.9444510856405903,0.9237144577320748,1.0,0.9606627960389496,0.7635004953899425,0.9560296816440035,0.9414661662869115,0.7333939258138933,0.9235362867186023,0.9462041887232016,0.9359490017750164,0.9339010423221576,0.907345481438973,0.9612591072111458,0.9079102753826818,0.9577190616606889,0.7203927052627693,0.9806197228849878,0.9814713828524438,0.9824761216535552,0.9220677076170266,0.6973618261804504,0.9557666217481058,0.9539241220341743,0.9767642234009385,0.9631993548602388,0.9132494204473802,0.9731431637385237,0.9463533101551004,0.9554969988138169,0.9532857262955873,0.9796992689890249,0.9841883201816221,0.9280225330094474,0.9009668415072999,0.7421285233938871,0.9836663574422373,0.5326129779497789,0.8509073394363367,0.9686257805687533,0.9422739795516697,0.7361913331504286,0.978227514992285,0.9791671960816857,0.9388034657392316,0.9338266737526046,0.973374199780086,0.946701640377246,0.9456839708973869,0.9754090427449553,0.9535614680011785,0.9507953914795243,0.9717571271880227,0.9563857322343492,0.9612813594830893,0.8620913780513901,0.9502278385586755,0.9458956979992434,0.9665793899915152,0.9791827761522061,0.9501842844908697,0.9653960238468136,0.9459205804269522,0.4638875489761186,0.9653960238468134,0.977650762080438,0.9768484391400041,0.6502239899960418,0.9803888335509168,0.9588346854066938,0.8717406380230621,0.8365624981869824,0.8701827832503388,0.8933784603813875,0.9819636839277378,0.9867430122413017
goth,0.9056300386389571,0.9701438826593465,0.9958029636938791,0.9941822598229784,0.6271161116577428,0.9860576653487476,0.9305687274302388,0.9235852777917584,0.9592241552821419,0.9736057598702763,0.9781006394492967,0.9537335079513729,0.8993580477482663,0.9492663854789058,0.9090257610859216,0.8874456102434356,0.5856968333519816,0.9765890398467059,0.6342833801462301,0.9685458697908542,0.9785781986445224,0.9598587540280068,0.9595152188713082,0.981068354272144,0.9096093005328805,0.9813704751604565,0.7712685824375376,0.9752737711131381,0.9931372831969323,0.9891266168679337,0.9898484884707196,0.9816149107726588,0.9816252253589335,0.9869093150979027,0.9474301663193416,0.9517042757002525,0.9638927192869295,0.9597997684355584,0.9971185483909044,0.9579826123794162,0.9606627960389496,1.0,0.9105747148706371,0.9968088296050921,0.9917046869071213,0.7514938946439627,0.9868717491239268,0.9946702541538484,0.9933075883020418,0.9883155010929583,0.9834883068129758,0.9691363539736149,0.8248624336343667,0.9880199649280619,0.8563760954858092,0.9464191106761789,0.9628063570314065,0.9615819641844188,0.9925633897941111,0.838742986619288,0.9738134326175447,0.992992991992514,0.9831430075495433,0.993545417585486,0.825841676095556,0.9737681397462772,0.9468907342037205,0.9728207755205047,0.9685350095594101,0.949476206447691,0.9191668086003771,0.9903972296575758,0.9751746522991181,0.8756921816511363,0.9517919618188442,0.590964122904412,0.7568232294567657,0.9246205154392676,0.974452151547059,0.7844241049134009,0.9621678814584222,0.9517146017242866,0.9913737835137768,0.9895501160148548,0.9738295662434133,0.9933350447510539,0.9922219373958933,0.9592760333897772,0.9615072989219774,0.961686344858752,0.9874359052379155,0.9107131161615749,0.9538929444021995,0.7319636909159559,0.9068777143013711,0.9385180918711435,0.9398209625167541,0.9440621756113705,0.8680098905314844,0.9008648198039597,0.9849185971453146,0.5614744876245192,0.9008648198039596,0.9474800362796445,0.9839310528388504,0.7546047980402633,0.9746751600484557,0.987797965901027,0.7691571894350803,0.9391943032755979,0.9652408362485616,0.9585949717749545,0.9711438968351553,0.9753173705681707
grindcore,0.6686961939653018,0.8413454798908028,0.8791310376752632,0.8624643674692154,0.5650937528670346,0.8972751325156356,0.9964387619558561,0.7181941092895852,0.7571599885226792,0.7902802209352613,0.9389947705704651,0.7997007684456862,0.6171843587230686,0.8834777297139204,0.6746786426578502,0.6903205057966026,0.457604843404523,0.9244151845604576,0.504327803417828,0.7480637011749305,0.8111486084551637,0.7538828931251571,0.9827992940038539,0.8879548258515411,0.8960288420356889,0.836517182895937,0.5986239803184676,0.9610881830581661,0.8891919034684854,0.9134820573279971,0.8653786236181695,0.8234207333078966,0.889884247877047,0.8396022676435755,0.73579919213387,0.6953888626382219,0.8161794502179779,0.7536248300495094,0.9131250954574346,0.8459573206815972,0.7635004953899425,0.9105747148706371,0.9999999999999999,0.9068999632853499,0.9071316059753695,0.59674429519386,0.9498769747789,0.8917790071111658,0.9078926638946218,0.9390106629546746,0.936160581164954,0.7876742307887572,0.5566945612461165,0.8609970455121767,0.8531591543563765,0.7389713589552558,0.7766654495303456,0.7714308112138615,0.9411058187203232,0.8853459065829822,0.8196847099810349,0.8772204566816173,0.7956511696398605,0.8578100216247126,0.5702611224618317,0.7811844952731415,0.7430865814849343,0.7926005690628595,0.779838035183293,0.7164213676883133,0.6455965512120139,0.9196695066178068,0.9346176975463114,0.8902044740990831,0.7359582571168434,0.5308376110499103,0.551731494931923,0.6578334317498472,0.7706403441196583,0.6603485973393463,0.7521855766606305,0.7272351982378733,0.886556475160369,0.9266474635592488,0.8089064408820429,0.8838228660465048,0.8777785106525968,0.7325881953775593,0.7266582599967268,0.7318036078772245,0.8232278268597442,0.6606187749786072,0.7451599099475419,0.463154247496445,0.7033051681788907,0.716810928454976,0.7184542994876748,0.6779037932593913,0.6297548071411281,0.6581761881974673,0.8437534896757672,0.6320417301679434,0.6581761881974673,0.7266098828893939,0.8166950578479792,0.7135229250604629,0.7868107724216048,0.8497660833442569,0.5190070934369756,0.9190289222500152,0.9611955158498686,0.874925686193878,0.79501717356655,0.8595492598703809
groove,0.9045094371891176,0.9734081185135626,0.9942858278657565,0.9942218204394577,0.6296611208691043,0.9874534040530131,0.9281744504994083,0.9176314256046177,0.9562002776672955,0.9719749486892478,0.9858390093331769,0.9519054451717397,0.8970471874155097,0.9646580133423466,0.9128878643348908,0.8963101693425287,0.5776984372582156,0.9845486634846911,0.6236721506499663,0.9665154793925226,0.9842617729736336,0.9641216553137425,0.9578699126311097,0.9926276061707762,0.9264443620880274,0.9852615477130833,0.7664436833728345,0.9801546059801152,0.9971460191067814,0.9917994718265488,0.9951092777790052,0.9874295697569857,0.9912340354429733,0.990169222111594,0.9452775884016655,0.9454198900462502,0.9707266984609162,0.9621586083976299,0.9936600614841009,0.9601733167873905,0.9560296816440035,0.9968088296050921,0.9068999632853499,1.0,0.9881024866622188,0.7514679099325188,0.989731750696643,0.9903095377248173,0.9919459618301787,0.9902712827056845,0.9800502578563436,0.9764881838354232,0.8190396331106928,0.9939887935764056,0.867141252391242,0.9463263115412169,0.9648590858746198,0.9647061699893814,0.9933606125165945,0.8395470908994344,0.9768201879474363,0.989237147281498,0.9799325261277994,0.9888306476594055,0.8180245612889392,0.9757080294533731,0.9554838760252438,0.9773557224378462,0.9748861928697418,0.9510515945450919,0.9178898490784401,0.987351634587269,0.9721350401700302,0.8968464794490858,0.9488450046846936,0.5916228258823768,0.7397093995028349,0.9138135810551332,0.9730925794641428,0.784607179307687,0.9646362806131439,0.9500388257365608,0.9852532272780232,0.9964928402646991,0.9699669533372207,0.9889192257288487,0.987948446568927,0.9567668331308365,0.9650909876088971,0.9660973191244748,0.9855261858319051,0.902878770403524,0.9464473935860711,0.7169590962177135,0.916821612572011,0.9334259904855129,0.9315560419245088,0.9357299294000769,0.8587811102925151,0.9006832988071115,0.9817954923818266,0.5636975393359887,0.9006832988071114,0.948095731563576,0.9836198991955356,0.7717740711156902,0.9748069077366297,0.990884075526432,0.7585782843861626,0.9545482330275936,0.9737261129458745,0.9679688341406376,0.9742847378313539,0.972403020289006
grunge,0.8525589861294658,0.9365410381069259,0.9919284078319013,0.988066984349374,0.5073934452811472,0.9563872842354146,0.9268855726426362,0.8677338177118945,0.9256091937725641,0.9508139609712123,0.9642988608303018,0.9049476649714865,0.8589026545041061,0.9209973534441427,0.8581088204094001,0.8248352899763589,0.459010379376234,0.9507833999825457,0.6095501403581994,0.950242056984255,0.9710877303148813,0.9449347050683421,0.9704410353725936,0.9650237091505336,0.8641782640335802,0.9658325835915461,0.6656427136866032,0.9692971659493342,0.9860549708772393,0.9892348655297917,0.98500870143217,0.965481146095131,0.9588683494254749,0.9750687504669553,0.9073391463782531,0.936886032601774,0.9271713548804144,0.9366583184556548,0.9829362088503688,0.9093116974304977,0.9414661662869115,0.9917046869071213,0.9071316059753695,0.9881024866622188,1.0,0.641226168246291,0.9841646189807169,0.9963393093079933,0.9948769083756678,0.992829041808519,0.9966809323234037,0.9541234135468307,0.7482772884266089,0.9822514813516555,0.7787243936519808,0.9058124698903316,0.9299947729481257,0.9303978486853847,0.9927726342876473,0.7668495694213644,0.954825697194194,0.9912854069505119,0.9705684312149037,0.9900936954381607,0.7449584519317032,0.9561543249334834,0.9214154164915506,0.9607589734400983,0.9569320607792615,0.920403886706115,0.8898806675277289,0.9993601130689527,0.9931599585781862,0.8266627421283052,0.9185082745243036,0.46661270009933054,0.6616063427753451,0.8971093622033979,0.9809273377905557,0.6815432697062437,0.9384087693017337,0.9201658925826202,0.9902022752325146,0.9848080288854677,0.9426072929632676,0.9944698071642972,0.9938292244241405,0.9341842736131305,0.9560741826125947,0.9569982905994092,0.977446982929738,0.861073243140716,0.9210407375333073,0.6370944214999934,0.8556627471400429,0.9049466918241931,0.9046290866451134,0.9278738032472132,0.8006261784360511,0.8491231455576294,0.9788466087787016,0.4568634835967886,0.8491231455576296,0.9130071421915643,0.9679958435774135,0.6556894344561486,0.9521558199968461,0.9747479768432286,0.676196919975089,0.9074331987738815,0.9531766194046045,0.9170403136917799,0.9456978057511853,0.9541731356065724
guitar,0.8805969833929708,0.8437329907439728,0.7104331217197033,0.7179608402085125,0.9562728092864893,0.8449836368663944,0.6516358751242242,0.9069710543830669,0.8135801855687887,0.7634066210881169,0.7078974016637141,0.9096563401548854,0.7318682626058752,0.7809579029100306,0.8663974059834596,0.9336016205419647,0.9713120190607601,0.8173328706419362,0.4941067301407439,0.7207106713270154,0.6893639422222806,0.6752907204911068,0.5702446323528083,0.7844662848292574,0.8330269202565772,0.7632097448724279,0.9937558011850844,0.6713359379654027,0.7321033819133678,0.7098810514129515,0.7096847020032581,0.7705825518437016,0.818351178318917,0.7463643782978022,0.8431582100979832,0.6382060218057932,0.8646556165782648,0.7317331930584124,0.7743990511192513,0.9060141955744119,0.7333939258138933,0.7514938946439627,0.59674429519386,0.7514679099325188,0.641226168246291,1.0,0.6924615568096835,0.6688164517497772,0.6526179855735236,0.6530663417030154,0.5817233939172701,0.7146603406446136,0.9084820520157022,0.7129398839158975,0.9290214004286766,0.8476297987100285,0.8387277883686055,0.8274356516998744,0.6781237151509929,0.8859759633863101,0.7516489210948702,0.6979903297982957,0.7218019253472435,0.7013637226351681,0.9259462594908922,0.7377995953857013,0.7636379459750504,0.6980934016938517,0.6866317902944497,0.7516261678224594,0.7035942998956992,0.6263515506778097,0.54810105452359,0.837288331349827,0.7866889561249644,0.9479771015810823,0.9284923930266937,0.6575438751530838,0.5732513453030259,0.9928325671716569,0.7534771370469278,0.7717430892882038,0.6841637319351224,0.7191830793043504,0.836275077153229,0.6746462593646738,0.6638201939397085,0.7302768597530951,0.6082864134943846,0.6070439890223807,0.7229909310001162,0.8138281029171544,0.7952239440463534,0.8956400982776049,0.8940792329308676,0.768493316479459,0.7600062586835368,0.633304443424107,0.8875583327151306,0.8581425876795129,0.6845178875531956,0.8339982035008853,0.8581425876795128,0.7946213785072416,0.7472451851668811,0.9658368671803543,0.7788159374929973,0.7562404601742878,0.9420651201547487,0.8138843101297946,0.7146698444196651,0.8727080968586508,0.7984668124906531,0.8248871561348866
happy,0.8418212063769599,0.9430476251925313,0.9767226594498042,0.9732253701514166,0.6033983279282393,0.9751395577984392,0.9665619928355278,0.8610568860928285,0.9070730030733376,0.9362722272093738,0.9892489655290536,0.91565745720509,0.832268416746371,0.9566668555914936,0.8473551643088839,0.8424250455448139,0.5151149559998255,0.9846521418465348,0.6064215548136871,0.9224133010776872,0.9537977134316151,0.9226371413444778,0.9832288203622112,0.9797428043920481,0.9348170526234838,0.9551327465747994,0.7044597856007419,0.9964411551103387,0.9866729823987936,0.9931567249556665,0.9759692684055169,0.9577616560513071,0.9800346762013207,0.9669033311528348,0.8937533724994341,0.8916067409222459,0.9397379104181577,0.9178462222773145,0.9826659608768189,0.9385748281669171,0.9235362867186023,0.9868717491239268,0.9498769747789,0.989731750696643,0.9841646189807169,0.6924615568096835,1.0,0.9776202298822834,0.9841300655686824,0.9972109763317137,0.9851261717189201,0.9405442172451224,0.7318708211870923,0.9731696568382265,0.8791946307187034,0.8954149028037142,0.9226894449075167,0.922479469717397,0.9946955380586757,0.8716149040027419,0.9474616639995159,0.9725456610710539,0.9449769026914532,0.9681208408828649,0.7356467653931538,0.9361345128393818,0.9091539661251393,0.9407738368835032,0.937062048238374,0.8995666547443024,0.860561910508526,0.9855448959089663,0.9820122729257701,0.9166761376580568,0.8990833738416487,0.5612617520586378,0.6721420823955975,0.8526617932407566,0.9402693948196407,0.7436823742286277,0.9200874266445918,0.8977928954716052,0.9703922874994066,0.9949115455269388,0.9332921712733663,0.9747770856066115,0.97265517968947,0.9075899743715115,0.9194446424317253,0.9216611941983904,0.9562227590799236,0.8349089188325948,0.8949535167804256,0.6245667631773397,0.8654881795993552,0.8753239411227633,0.8774910757497183,0.8799906077420412,0.7922651358971982,0.8378796511259665,0.9560283848392862,0.5935908440842329,0.8378796511259664,0.8954511703052588,0.9510493533206819,0.7608372741097729,0.9353767091315799,0.964652646302359,0.6717407875078655,0.9650700999037256,0.9906405683951301,0.9540731549267694,0.9382202764898606,0.960651674462542
hard-rock,0.8736497138352759,0.9567948590389719,0.9979253654608288,0.9946674996272258,0.5214579965054784,0.9641753030550564,0.9095211814222941,0.8950298505234316,0.9476396181141511,0.9632147189512752,0.9655366617856288,0.9218009740891049,0.8765674451620205,0.9304938064777528,0.8875257863565744,0.845452827649913,0.4885069734299622,0.9522337951352651,0.6201611393419199,0.965101638983308,0.9814744895231018,0.9621474995935373,0.9558873328541492,0.9702257951661697,0.8696527963574124,0.981205896211824,0.6920643579501065,0.9619711745103707,0.986727719718614,0.9817293164439549,0.9895994000010138,0.9750194612189165,0.9633143308431293,0.9816909631883388,0.9269206817789543,0.9584796618782315,0.9405272651580869,0.9554125282749303,0.9899535578624902,0.9212494116355996,0.9462041887232016,0.9946702541538484,0.8917790071111658,0.9903095377248173,0.9963393093079933,0.6688164517497772,0.9776202298822834,1.0,0.9966775266170691,0.985169214134775,0.9897354797301001,0.9674823300866856,0.7836554798505941,0.9883544120486267,0.7839145313928582,0.9243718176163807,0.9457330559292507,0.9455218156361448,0.9904417366373451,0.7616976251316361,0.9690307695269409,0.9977957615247144,0.9831021881859829,0.9973393376510955,0.7759971744008461,0.9709811374378559,0.9424097846682752,0.9757603931523046,0.9715682401761228,0.9380061547408032,0.9025815996617255,0.9958147790761405,0.9819710561833916,0.8257109407374585,0.9381801552998834,0.48367423802999093,0.6817218114797372,0.9206302350375555,0.9909113663449189,0.7008507202750446,0.9540176046124174,0.9394379766636802,0.9979308520188447,0.9827187536710298,0.9607570015151967,0.9995221381610586,0.9993391538149063,0.954475053065495,0.9714482020863507,0.9716713648805442,0.9881189844313835,0.8910808748415333,0.9467810466462436,0.6682128508780265,0.8746077605327807,0.9343331214310633,0.9296153553504239,0.9462597195460429,0.8235012076748692,0.8697467796666651,0.9921963694141966,0.4546745814121619,0.8697467796666652,0.9332009355367703,0.980841014860599,0.6714425935971181,0.9674670500676624,0.9865187802522928,0.7123911378687586,0.9063236149680456,0.9455389210212566,0.9283134996249456,0.9587025665339222,0.9528752320860951
hardcore,0.8547742352772317,0.9555623684674032,0.9940172132590394,0.9925000625129639,0.5162121316531455,0.9664166635460598,0.9227981956421075,0.8753530881162503,0.9361754087129309,0.9579946626361285,0.9736334265360678,0.911478823444849,0.8589469912283352,0.9403254658468922,0.8754622961853711,0.8393330004586239,0.4662896213820438,0.9618637323451943,0.6803687457041911,0.9540842925870825,0.98187030680164,0.9649898294593745,0.9645106759884846,0.97539125862052,0.8863806713026795,0.9779625502159401,0.6725839181940352,0.9702239100806904,0.9898153891550715,0.9861037720603008,0.9907434195116849,0.9748232702591928,0.9694974860034222,0.9826343951108371,0.9140212605085143,0.94549312775298,0.9422279200908414,0.953909444322363,0.9879679092781376,0.9218648698941372,0.9359490017750164,0.9933075883020418,0.9078926638946218,0.9919459618301787,0.9948769083756678,0.6526179855735236,0.9841300655686824,0.9966775266170691,1.0,0.9903502423348012,0.9907294893444805,0.9700862329250639,0.7544177219390507,0.989440435821507,0.8010166588487571,0.9138333078854188,0.938376278674693,0.9391125157826427,0.9939740904179422,0.780790869170559,0.974709794268726,0.9937329476450989,0.975340183351713,0.9920240330668968,0.7481449619328538,0.967326850969187,0.9429405250563738,0.974552743163163,0.9724149042962108,0.9304443330514285,0.8887467977545662,0.9954494633400195,0.9857878575973722,0.8470506194824103,0.9260433776498933,0.47678700182106226,0.6509735305299604,0.903577600108739,0.9877602187425405,0.6899973379820048,0.9486435481363769,0.928605685195419,0.9917512917001574,0.9879756207225637,0.9498422046825752,0.9952442737420397,0.9949164872972611,0.9456308742762196,0.9705069151379269,0.9716621896353865,0.9811154072854518,0.8700912956628926,0.9314455385706937,0.6329891306395191,0.8717985039337028,0.9198304013005876,0.9154380074094061,0.9330151315040982,0.8027770204921745,0.8532491409012043,0.9868738791172524,0.4685374866338471,0.8532491409012042,0.9229367769759027,0.9769384410075796,0.6851748056524625,0.960462402587477,0.9825943409995606,0.6831013498802225,0.9209674795079854,0.9569483289850006,0.9352074761575783,0.9565318680190773,0.947405560469158
hardstyle,0.8371810007315625,0.9352626568979301,0.9825198058538391,0.9800998865480353,0.5515040037838062,0.966096534798638,0.9575582641182221,0.8509088090647516,0.9091420279819392,0.9425841880704628,0.9800674687211812,0.9040850066689989,0.8432737085677693,0.9420462746815819,0.8424816021756071,0.8286544786830777,0.4702542345072921,0.9734808988334516,0.6266190179464339,0.934628758397696,0.9642878310949639,0.9369086374805756,0.9827370635376274,0.9757405914803241,0.9088155616064488,0.957414524397773,0.6699486362254248,0.9886513511500303,0.9897839117834185,0.9969995662894755,0.9824258618668038,0.9628809629906436,0.9736620027841028,0.9731254559845621,0.8939070830271945,0.9131460934822913,0.9345070894952547,0.9274620324980101,0.9801521726610943,0.9235705367692106,0.9339010423221576,0.9883155010929583,0.9390106629546746,0.9902712827056845,0.992829041808519,0.6530663417030154,0.9972109763317137,0.985169214134775,0.9903502423348012,1.0,0.9919002458189263,0.9501611465362025,0.7199748160805253,0.9792852294117365,0.8423274428479293,0.8955312734165655,0.9230155503118327,0.9240838612288332,0.9950362149591232,0.8378019916779244,0.9532799063760534,0.9798641934889432,0.9557536763349124,0.9769704952761868,0.7221325083511334,0.9456516591652168,0.9143879312529912,0.9509780759480172,0.9487327302635651,0.9091268407495594,0.8774432605731969,0.9929697400332049,0.9916364447218624,0.8869190798802192,0.903023935921152,0.5076463463144059,0.6512290065587831,0.8712085544742658,0.9639737001602142,0.7030604085705576,0.9289837475848067,0.9053378534248004,0.9759329827290635,0.9937453758857191,0.9308731483989967,0.9822920222095765,0.9808877599378691,0.9177074934508183,0.9426873885744347,0.9445589285426768,0.9648741427428491,0.8354939634038934,0.897875174156332,0.6108611359635702,0.8583825303543229,0.880515611024673,0.8827247617114065,0.9045572752080422,0.7848419184002584,0.8354040620615601,0.9634059856411915,0.5440504861210227,0.8354040620615603,0.900025057419741,0.9581109584798904,0.7137445614914255,0.9409888257271422,0.9674766445731531,0.6553569415924476,0.9464056039732123,0.9795659049997887,0.9381039543149563,0.9419592580311931,0.9582604365039941
heavy-metal,0.7892730747528083,0.9173168426501963,0.9811029686917361,0.9741043579033666,0.4686238313300053,0.9432075951341212,0.950843554612469,0.8157320399995985,0.8865356820492791,0.9211387780366127,0.9659622492042457,0.8653564957638235,0.799475523932063,0.9166220825728026,0.8058024006985183,0.771107753067918,0.4023620452253105,0.9480828042642271,0.5897237474373729,0.916745583493142,0.9525721025972407,0.920811666460456,0.9841733345464481,0.9548150671520264,0.8721263806491226,0.948015277997347,0.5983898321475047,0.9737528549991974,0.9742782770805258,0.9825057385177863,0.9717806066558239,0.9427646112969315,0.9472268955549419,0.955403463443832,0.8592627199166373,0.9048370143057597,0.8972151978341694,0.9062965794027076,0.9753527594359157,0.8828178617495985,0.907345481438973,0.9834883068129758,0.936160581164954,0.9800502578563436,0.9966809323234037,0.5817233939172701,0.9851261717189201,0.9897354797301001,0.9907294893444805,0.9919002458189263,1.0,0.9313864242790184,0.6722896331150094,0.9685336278366324,0.7825721145407767,0.857887983380009,0.8917553931236265,0.8927520645216593,0.9932826345253976,0.7773142105880539,0.9343354542748236,0.9813141023709999,0.9456385588442068,0.9771371042710557,0.6651103841090386,0.9286641411959115,0.8913474862778414,0.9393378678265178,0.9351079374619098,0.8788697844954252,0.8371558798134358,0.9978821407133134,0.9976088903115616,0.8388509653238727,0.8788564826249234,0.4289808954696015,0.5793915192096284,0.8564463589860094,0.9678876702940681,0.6301268155893318,0.9033652283712619,0.8771607794062031,0.982823176379265,0.9810238886644378,0.9119084972919835,0.9865401944845749,0.9858965312824114,0.8992317721400829,0.9329527986249306,0.934577978538641,0.9567517063017514,0.8045031266911913,0.8822201470092619,0.5484072951617058,0.8068420872096863,0.8658610980349735,0.8656172552538544,0.8932015074257698,0.7285179478697503,0.7865109772439756,0.9662057402341824,0.457924929487426,0.7865109772439756,0.8699346237740286,0.9447575415557443,0.6439083520415765,0.9211410158880866,0.9578648477679754,0.5983707045288602,0.9115826966104204,0.9600894368760067,0.9061917997547713,0.9147289548106043,0.930164623687783
hip-hop,0.9363254210296064,0.970248244823773,0.9795161773205627,0.987317393330559,0.5259816863436071,0.9529799933389613,0.8154922328966834,0.9362674337229315,0.9801688898004316,0.9862202956334601,0.9350975855077509,0.9449134839235229,0.9385418777385748,0.9281981442401948,0.9586469673514313,0.9222562838271408,0.5367074315141851,0.9356257118954894,0.6748879842217617,0.9867432188009861,0.9969724820028146,0.997684156638998,0.8789886711485637,0.9748606002789828,0.845792667864212,0.991117658145428,0.7443546982534082,0.9158956050186245,0.9819388567994063,0.9603181934270792,0.9901042451563897,0.9966180055243636,0.9677950822513257,0.9937284061291731,0.9696427478942948,0.9789886993306292,0.9777587940002617,0.995309725726125,0.9626629373776631,0.931619527118573,0.9612591072111458,0.9691363539736149,0.7876742307887572,0.9764881838354232,0.9541234135468307,0.7146603406446136,0.9405442172451224,0.9674823300866856,0.9700862329250639,0.9501611465362025,0.9313864242790184,1.0,0.8716815066808883,0.9917474508108385,0.7496278136589527,0.9714701446026688,0.983134927334147,0.9851465968627857,0.9505935808295846,0.6934185072918493,0.9962935233790849,0.9739362452751943,0.9881755628220958,0.9779123133182992,0.8614474353312691,0.9962121421664594,0.9934831096419605,0.9975072078448162,0.9985679344804234,0.9845692979444618,0.9542784541673572,0.9498016996454823,0.9218931979228804,0.8002129015577499,0.97331035999185,0.490003734045096,0.7378602354600541,0.9493512638288378,0.9832206761425948,0.7172751024754761,0.9916017682545053,0.9797634013710934,0.9639141228745457,0.9637434622928058,0.976366670119561,0.9691152015667193,0.9697204337768177,0.9863500089192581,0.9981966451407558,0.9979797555651369,0.9881822039406298,0.9435304379518075,0.9697922349016943,0.764224999913686,0.951545198035031,0.9693461480690186,0.958939581624688,0.968206595709519,0.893104783924308,0.9377097269315826,0.9806462572674881,0.4115431595472898,0.9377097269315826,0.9801147276475801,0.993610736386181,0.6835446272679297,0.9913518766185893,0.990242923814437,0.8093898088910293,0.8841997396716934,0.9046866224173794,0.9312597652835592,0.9922282122776683,0.9497077739487076
honky-tonk,0.9810105058211435,0.8940958288484542,0.820060537845877,0.837440778529319,0.754509488606209,0.8653733086779174,0.6162748950382863,0.9763034969565967,0.9446411593850348,0.9115123553810278,0.7316197381990481,0.9452964273276414,0.9698159248421969,0.7842538583613403,0.9726372470346485,0.9647581249043211,0.8305598566808602,0.815627831951925,0.6627302194592642,0.9188760652748719,0.8451199963916431,0.8736799290626305,0.6003626423187378,0.8276346838112243,0.7643224460510781,0.86493009543717,0.9293015360096399,0.6893838099943419,0.8164842384223907,0.7789788035392271,0.8192353586189902,0.8827456802635926,0.8485322377378456,0.863353223589665,0.9601057849514749,0.9059818183607025,0.9169656650606898,0.9082105806133223,0.8312132889089145,0.9072253707735585,0.9079102753826818,0.8248624336343667,0.5566945612461165,0.8190396331106928,0.7482772884266089,0.9084820520157022,0.7318708211870923,0.7836554798505941,0.7544177219390507,0.7199748160805253,0.6722896331150094,0.8716815066808883,0.9999999999999999,0.8219593941097153,0.7946949335211029,0.9558438981834769,0.9399850944957564,0.9374794411665384,0.7382782590118575,0.7310048006950078,0.8675187438473029,0.812836368997607,0.8899506948285625,0.8344917629268439,0.9951905045242544,0.9014022331514957,0.9066707592344764,0.8632376133369473,0.8616965042425283,0.9415281426987914,0.9509866673566991,0.7240652012371585,0.6436842464537604,0.7320366203461088,0.9457458979688286,0.7386679420822819,0.9188283197414215,0.9290478306282516,0.8031966939230166,0.8830271331073771,0.923867151665418,0.9444415523206537,0.7935687948598673,0.7692350627218191,0.9286232598771841,0.7924716088247379,0.7895590264527891,0.929702702467953,0.8594906332557684,0.8533495758002023,0.870919658535193,0.9769671022458841,0.9384053059415269,0.9682266961285453,0.9572852965943822,0.9317811119168048,0.9354286596582966,0.9130356833751978,0.9768781457258866,0.9785664266533025,0.8249173859449075,0.5853108283457731,0.9785664266533025,0.9510441932347753,0.8858671309639807,0.8035108247470144,0.9180739917815697,0.858343886477418,0.9895600785680964,0.768486385351036,0.7077001994324695,0.8662501550486792,0.9151733672864735,0.8802583666774227
house,0.9057695109505003,0.9727588455365626,0.9948760817642113,0.997316761227922,0.5622868903318123,0.9722780473680017,0.8856727086916985,0.9147287590566406,0.9642198780601176,0.9770319346341831,0.9702508875521395,0.940359826867545,0.9092514872000745,0.9540359560119152,0.9243098645629955,0.8921764248495855,0.5266011424921403,0.9658246381759745,0.6515787569587012,0.9798735944128698,0.9978232544149837,0.9853015766561142,0.9314219644235251,0.9889922850333974,0.8970309786155533,0.9933969261349278,0.7299354227336976,0.9586095836588979,0.9947068568132117,0.9832540605802382,0.999749619149231,0.9943507449553888,0.9824480398674313,0.9951586640234236,0.9492198438132298,0.9690773745959698,0.9685918071180779,0.9788320338577731,0.9833827047624801,0.9414160134170111,0.9577190616606889,0.9880199649280619,0.8609970455121767,0.9939887935764056,0.9822514813516555,0.7129398839158975,0.9731696568382265,0.9883544120486267,0.989440435821507,0.9792852294117365,0.9685336278366324,0.9917474508108385,0.8219593941097153,1.0,0.8174916104350403,0.9501370971313818,0.9691855091716493,0.9706010276036359,0.9815406032867208,0.7754775486700267,0.9872738849988733,0.9902728277965854,0.9889035113659543,0.991139686677659,0.8125301635368136,0.988574737497633,0.9743470729094155,0.9935869863688823,0.9930230572477606,0.9649563859903296,0.932851743778025,0.9802793822506977,0.9609008260760858,0.8605969106118907,0.9558875340427508,0.5213930671762966,0.7042013752472795,0.9303696636243163,0.9925030922093551,0.7366711068196261,0.977778353911235,0.961440282723671,0.9841260167423125,0.9878760370900066,0.9705619391117899,0.9888034415313159,0.9889535215925275,0.9711332027132944,0.9916060081308467,0.9923045093079382,0.9929758050431807,0.9126686033005026,0.9558708446772477,0.7045180163453141,0.9202552596938134,0.9507646514985704,0.9399086247855428,0.9558478701692084,0.8521708205131802,0.9046897789173816,0.9895726594320788,0.47950576299769243,0.9046897789173816,0.9591475726215413,0.9912568792098563,0.7261713870348181,0.9831732807673237,0.996196903162207,0.7529148021672583,0.9292327273104668,0.9492489994165446,0.952002053002071,0.9807653994010974,0.9591588047671034
idm,0.8166486958692233,0.9008441564810168,0.807700896436681,0.7965705829519591,0.9066367846126429,0.9284032117468728,0.8735705163960632,0.872366128679327,0.7971289072822165,0.7698596212374351,0.9032894851091979,0.9193560769546537,0.651008911412541,0.9277721559866076,0.8194981773481886,0.8982273667682925,0.8455844519011884,0.940701968236267,0.475178408313909,0.7052266421260416,0.7462789923487511,0.6890689639865532,0.8241057538788601,0.9026653423642772,0.9682709026795047,0.8343139268658981,0.9161956683061863,0.8927840547010275,0.8469720270476719,0.8442321193185996,0.8138545649897899,0.8192858727892771,0.9193231271533056,0.8052101251992134,0.8124371742924554,0.6162223541467388,0.9010676643316564,0.7287864846884806,0.8802584128124209,0.9489690193161873,0.7203927052627693,0.8563760954858092,0.8531591543563765,0.867141252391242,0.7787243936519808,0.9290214004286766,0.8791946307187034,0.7839145313928582,0.8010166588487571,0.8423274428479293,0.7825721145407767,0.7496278136589527,0.7946949335211029,0.8174916104350403,1.0,0.8217694552590005,0.8398243887912762,0.8266228847300778,0.853662047425896,0.9746144250566744,0.8058430934682094,0.7922921213863653,0.7336550248070477,0.7679429531321948,0.8169388598737637,0.7463165620579576,0.7702638153862071,0.7370860171478324,0.7215897443901211,0.7164057538966566,0.6427596355097049,0.7897372786684913,0.7562431013571567,0.9734403547042374,0.7562617039173807,0.8851090796675523,0.8256466194083575,0.6065651396364655,0.6221299186684168,0.9548929214146369,0.7411525878090417,0.7370852207891764,0.7963173404890663,0.8807023242568994,0.857308803388085,0.7824940732699748,0.7695292256196455,0.7043827718376597,0.6239487035435012,0.627648104800407,0.7627507497480994,0.7396202794195246,0.7704102373148451,0.7368183470222718,0.8682526733616891,0.7373516844674559,0.7202554561483849,0.6006584285801512,0.8032963507199777,0.7874970901574605,0.7613787066842046,0.8468456594006413,0.7874970901574605,0.7627211288207323,0.7806217133935731,0.9744544897423144,0.7849148204757918,0.8353206646946572,0.8096482515923129,0.9598396099345299,0.9168845444174469,0.9564697181997934,0.8163605546173747,0.8775409315757688
indian,0.9908525414248857,0.9640001866102996,0.9452897574510637,0.956524779927405,0.6832186010502834,0.9560719308045208,0.7857515104871104,0.9843189746646471,0.9928035205527543,0.9879030408640894,0.8841270260227525,0.9835208899850392,0.9891162228996997,0.8925836241636105,0.985481879503102,0.9741382441034525,0.717658883407563,0.9264420014525234,0.6946813630921415,0.9883808617192077,0.9591933338843482,0.9689173348130464,0.8046119611274742,0.9426682569298599,0.8474828269709552,0.961148520439512,0.8749621872449924,0.8623203300805248,0.9486674851123396,0.9271174141128212,0.9500422767555035,0.9790266931988383,0.9531146422619815,0.9715118044828357,0.9991683366550541,0.9760026098999776,0.9863341822813964,0.9843533273724403,0.9435914046921821,0.9636775850385773,0.9806197228849878,0.9464191106761789,0.7389713589552558,0.9463263115412169,0.9058124698903316,0.8476297987100285,0.8954149028037142,0.9243718176163807,0.9138333078854188,0.8955312734165655,0.857887983380009,0.9714701446026688,0.9558438981834769,0.9501370971313818,0.8217694552590005,1.0,0.9970326469469053,0.9966843514491244,0.8989211037823109,0.774094391642125,0.9705882085028918,0.9403301510006561,0.9777087903208712,0.9505102341417644,0.956541279501929,0.9846396274951992,0.9742618514007493,0.9657052609974741,0.9646122113906672,0.9969136625056216,0.9920234956684051,0.8922865613337271,0.8441173224408953,0.8123791172934771,0.9905211795883012,0.6534727425465245,0.8762566995851289,0.9716233128660763,0.9330461904196717,0.8425676897118763,0.9930700201230882,0.997365894895347,0.9231395450386601,0.9178091259100907,0.9853272214991768,0.9278627908391277,0.9259937302463827,0.9888540140454939,0.9633286434624795,0.9608134809261504,0.9696045781249192,0.9855246438893457,0.9823125464499207,0.9001768793265521,0.9844046355082614,0.9775107456737686,0.9764761672652174,0.9756784207875164,0.9720405500937433,0.9903218436904733,0.9409689705573814,0.5417533707777298,0.990321843690473,0.9968996891091415,0.9791067103312001,0.7765571356453458,0.9898150665059104,0.9617090740658695,0.9271716354754247,0.8760823836144664,0.8641611511916818,0.9394395850182224,0.9918882017317027,0.9648333176658044
indie,0.9832380955293809,0.9754614669389954,0.963525966894937,0.9727267659288443,0.6791505735591069,0.969580581461656,0.8172132818380689,0.9799949591220912,0.9943932618467327,0.9918496596327802,0.9174208943663251,0.9862771724095121,0.9806763463838071,0.9220784964828685,0.9831110479623073,0.9689266763042197,0.6962245925572497,0.9463695220748713,0.676544200412738,0.9939636519806812,0.9755143213403599,0.9785055434195368,0.8427443638434305,0.9631431032843337,0.8761068299843162,0.9763329555962292,0.8624132450473004,0.897938403858788,0.9680868385763514,0.9469747072760076,0.9688426994296705,0.9899380174402557,0.9698624793436696,0.9845264756004528,0.9967573586706915,0.9781578255308578,0.9918962262778588,0.9898720236451685,0.9606813306614578,0.9711397408868956,0.9814713828524438,0.9628063570314065,0.7766654495303456,0.9648590858746198,0.9299947729481257,0.8387277883686055,0.9226894449075167,0.9457330559292507,0.938376278674693,0.9230155503118327,0.8917553931236265,0.983134927334147,0.9399850944957564,0.9691855091716493,0.8398243887912762,0.9970326469469053,1.0,0.9997631304420677,0.9262436451046929,0.7895067300093704,0.9798513963036406,0.9562351173537824,0.9860391045156536,0.9652082278681382,0.9386264946081453,0.9916290799545548,0.9829853085213975,0.9789025364082964,0.9779282631178154,0.997368899037347,0.9867242935060866,0.9198960417018941,0.8782162270112186,0.8408151796573604,0.9898094762324017,0.6465502415635035,0.8517301374724118,0.9646193925259974,0.951215125156241,0.8403821409339673,0.9970964643207185,0.9963532467305353,0.9444276446615687,0.9429494960253619,0.9920984562617358,0.948354257625891,0.9470270654250414,0.9912406880771154,0.9757511398532521,0.9739362735870604,0.9821395245716765,0.9782118909254038,0.9826778316508367,0.8699060771363252,0.9813878526893174,0.977205408528281,0.9723511051472626,0.9732902893014055,0.9562588557860445,0.9824525570842373,0.9585722012532489,0.5423067043533621,0.9824525570842374,0.9971366393692065,0.987815140753697,0.7866397196021869,0.9956971538244852,0.9781372264729467,0.9014043669072507,0.9025153303774458,0.8962161862401156,0.9558494860111396,0.997248256561752,0.9721624660339203
indie-pop,0.9824357309701938,0.9726803738024926,0.9633780175881128,0.9730871938506662,0.6624947656550217,0.9661694866676511,0.8121278329258732,0.9767801419765311,0.9934063919651424,0.9925684364906786,0.9159960077538025,0.9828054539725253,0.9818049007032614,0.9198222266797049,0.9825700871477632,0.9678128865009388,0.6817186323628198,0.9432984708147292,0.6801466806668142,0.9943679790166995,0.9772460884470742,0.9803637027944505,0.8421228054965251,0.9631089785682749,0.8691524877966919,0.9762733153930232,0.853187103013539,0.8969695412550318,0.9690152901723833,0.9479833145356169,0.9702490683906464,0.9910306054828517,0.9688728903660764,0.9856992993207648,0.9960179318840576,0.9789475413391037,0.9913737914122658,0.9910714261624514,0.9581686384611636,0.9669070007363446,0.9824761216535552,0.9615819641844188,0.7714308112138615,0.9647061699893814,0.9303978486853847,0.8274356516998744,0.922479469717397,0.9455218156361448,0.9391125157826427,0.9240838612288332,0.8927520645216593,0.9851465968627857,0.9374794411665384,0.9706010276036359,0.8266228847300778,0.9966843514491244,0.9997631304420677,1.0,0.9257743914467769,0.77515396553599,0.9809787777079535,0.9558764406363369,0.9860414254892639,0.9648848764735317,0.9358037144994339,0.9923940355303689,0.9844885727566497,0.9802134168913781,0.9796963621753875,0.9983281039466504,0.9884525716900492,0.9202843014906311,0.87982947883598,0.8331196701183602,0.9898514163587686,0.6292335774289121,0.8462725247081982,0.9651198740609435,0.9532885457243998,0.8280989677275262,0.9979942545584395,0.996386554376589,0.9434114939105609,0.9433541742793117,0.990274479665303,0.9480334817211481,0.9469454460533426,0.9916315990989893,0.9783277259592564,0.9765277234417065,0.9821219578869759,0.9766681615534901,0.9809355025898998,0.8667734649409167,0.9819186176201551,0.9759045119222207,0.9716586016714135,0.9747814381602681,0.9548694038772976,0.9822308006458194,0.9585051538605397,0.5249980334967441,0.9822308006458194,0.9973463418361146,0.9881757633341076,0.7731529514978561,0.9958074305931366,0.9781234554747283,0.8976023068388084,0.8980703679549735,0.8943737226014126,0.9515417245840279,0.9979581199403379,0.9715407452043785
industrial,0.8423938791540924,0.9526382814191252,0.988091988833278,0.9833850533101414,0.5705819729578216,0.974117838397422,0.9555871967603353,0.8664435469464683,0.9184169865810294,0.9407781632617921,0.9889635717575642,0.9129837995872538,0.8347830647601158,0.9566629321327256,0.8561577745776052,0.8344908034567143,0.4952830023258585,0.9780757647476617,0.5995749368344048,0.9340944765811379,0.9658748756139968,0.9380319200654743,0.9815543196739783,0.9808080750898382,0.9233274993107015,0.9685189226057187,0.6896600530756061,0.9889531814980214,0.987126998173744,0.9890362827826822,0.9834081121159994,0.9634001955299747,0.9763244331720049,0.9711656629040168,0.8987101695070492,0.9127282829944561,0.9367964133025741,0.9293329869801084,0.9899039748825372,0.9307749765593579,0.9220677076170266,0.9925633897941111,0.9411058187203232,0.9933606125165945,0.9927726342876473,0.6781237151509929,0.9946955380586757,0.9904417366373451,0.9939740904179422,0.9950362149591232,0.9932826345253976,0.9505935808295846,0.7382782590118575,0.9815406032867208,0.853662047425896,0.8989211037823109,0.9262436451046929,0.9257743914467769,1.0,0.8386527072395616,0.9561798776880327,0.9855357408701284,0.9582212721818161,0.981291541265254,0.7355654841670103,0.9479656768158082,0.9208712046078171,0.9555589570136301,0.9517034313514499,0.9074088350285805,0.8635683057317429,0.9949598567827292,0.9873473822346641,0.8954149640082354,0.9069278923523281,0.5298224529182358,0.655826639215322,0.8695723214605675,0.9620437139672018,0.7248509219226836,0.9283935521840443,0.9073859715838946,0.9856138318525485,0.9951377987342525,0.9405409456429863,0.988193590429788,0.9868543789246211,0.9206316807737964,0.9393009899854818,0.9414439781079734,0.968177683949526,0.8469545683058541,0.9116286797449308,0.6197295418027382,0.8602009407186075,0.8961159143981079,0.8913162368003718,0.8973378016365281,0.7875577771360964,0.8376298571959795,0.9734301645780972,0.541996482009746,0.8376298571959793,0.9031597870849255,0.9612749009835877,0.737145012515218,0.9444650915404462,0.975470072687981,0.6700075975239425,0.9519143567494872,0.9810994804695539,0.9493455693616593,0.9416792143897881,0.9509154135648273
iranian,0.7659939154855915,0.8398430051343997,0.776411729967778,0.7610892297272704,0.9025162618196951,0.8972616950636167,0.9063241558153048,0.8192313686810577,0.7435251319514876,0.7332472372035542,0.867502605624929,0.8797312213099876,0.6076408690633834,0.8603545354577506,0.7428567771860872,0.8363706968170781,0.8332640758396404,0.9111793346161983,0.470913782631908,0.6572085833237482,0.6948478709426513,0.6325198260455923,0.8398244151357477,0.8535322081173776,0.9157699583606438,0.7765740628032266,0.8860955921782316,0.8786770685915342,0.8177217603862716,0.832829656572244,0.7754070393247822,0.7702795315043235,0.8776705013024771,0.7649270986758595,0.7645927338703115,0.5713557196190032,0.8521991194971035,0.6738001075203403,0.8556921986569883,0.914856385291215,0.6973618261804504,0.838742986619288,0.8853459065829822,0.8395470908994344,0.7668495694213644,0.8859759633863101,0.8716149040027419,0.7616976251316361,0.780790869170559,0.8378019916779244,0.7773142105880539,0.6934185072918493,0.7310048006950078,0.7754775486700267,0.9746144250566744,0.774094391642125,0.7895067300093704,0.77515396553599,0.8386527072395616,1.0,0.7574249047148458,0.7660637987048711,0.6899317941270329,0.7367252606781614,0.7701791927008854,0.6952147927686532,0.6952797398173881,0.6811690608113692,0.6628403415073215,0.6643350347358865,0.6035577674538294,0.7789235740764018,0.7623664003805173,0.9278869918838986,0.7083984203596159,0.8855705922096471,0.8358533880816563,0.5718893305923212,0.5845273784780367,0.9281210115106688,0.6893608098946582,0.6884414786751853,0.7676955464734082,0.8545469941562592,0.8108763363882538,0.756511373194771,0.7418628803766509,0.6527414478929732,0.5716502901499797,0.5752033272108951,0.7208645291953676,0.6842850867795227,0.7152095479129019,0.7142698645510208,0.8038295546488894,0.6736873080471109,0.67509899648091,0.5657662471291811,0.7741245862667205,0.7359383910090599,0.7185874511514135,0.9029999756317755,0.7359383910090599,0.7087473951946572,0.7376617052768459,0.920459627422531,0.7361833908858739,0.7852146033479777,0.7634234243834844,0.9200431564377358,0.9000312939556421,0.9059324626599911,0.7695814681648991,0.867084137548636
j-dance,0.930302211556733,0.9781144900455208,0.9774366669502581,0.9856668254186562,0.5818555050411791,0.9669195855525674,0.8420592032652245,0.9371183920032081,0.9790720551742972,0.9859928329401908,0.9457416649249182,0.9508013891190277,0.93051754066545,0.938524784969897,0.9559395526628257,0.9243537984209673,0.581372354840745,0.9510752085255247,0.7801484438990345,0.9798634244300717,0.9923803395021792,0.9975637298219893,0.8910000131331557,0.9732776927079843,0.8765342265648757,0.9873210956615781,0.777280000678534,0.9266462540898598,0.9813665760444106,0.9611963887115522,0.9860923723173287,0.9925380449585721,0.9722545045270243,0.9922257022691938,0.9683420218237495,0.9763874844569598,0.9813838137644736,0.9950665479879983,0.9708079476684536,0.949881976419584,0.9557666217481058,0.9738134326175447,0.8196847099810349,0.9768201879474363,0.954825697194194,0.7516489210948702,0.9474616639995159,0.9690307695269409,0.974709794268726,0.9532799063760534,0.9343354542748236,0.9962935233790849,0.8675187438473029,0.9872738849988733,0.8058430934682094,0.9705882085028918,0.9798513963036406,0.9809787777079535,0.9561798776880327,0.7574249047148458,1.0,0.9756166996401472,0.9862045007687408,0.9783560388484538,0.8654878903132917,0.994089527121944,0.9894515198761347,0.9936352691377812,0.9947943368478271,0.9813774772822312,0.9460571308701144,0.9519269591924209,0.9261947881817145,0.8337476709444358,0.9699056441988161,0.5468778225762092,0.7542163995616302,0.9494988761690826,0.9814689067391327,0.7598156046959275,0.9880619677227356,0.9777328235066529,0.9651558819198298,0.9645049689620651,0.9752977062218225,0.96996714847067,0.96990378286107,0.9856785010260926,0.9943241759385055,0.9942925629638313,0.9842249480491414,0.9427783623020705,0.9705257685417914,0.7723238389128488,0.949445390125047,0.969039796035688,0.9615204265975308,0.9666971784785158,0.8996551125527885,0.9337371182692085,0.9802028369096336,0.47452201983113534,0.9337371182692085,0.9754921711665769,0.9931750528152574,0.7368172028665845,0.9885620711952049,0.9850821391669338,0.8192629185431581,0.904396970940724,0.9177459729804556,0.9481865795999487,0.9907442459534561,0.9481055356931852
j-idol,0.8934053264168287,0.9646758365089685,0.9980073891343455,0.9957376980229211,0.5417786949149764,0.967852363583463,0.8964364969734625,0.914192490474748,0.9600000593299012,0.9710194252954735,0.9631229803518369,0.9336824602825242,0.8951349915797799,0.9316773491786942,0.9051018948155676,0.8626627542645442,0.5201453063919079,0.9519841161857798,0.642115102646546,0.9742572757895711,0.9855600913295246,0.9701246156182868,0.9432850058029858,0.9712951590548121,0.8707714177067046,0.9864809415866476,0.7208161440946023,0.9562915010711251,0.9856136932596364,0.9779623879770849,0.9908654686380471,0.9801381902131998,0.9648931863685777,0.9845885812266384,0.9422888762172725,0.9729656371603332,0.9493302156350261,0.9654772877075558,0.9899392947185098,0.9295859132347695,0.9539241220341743,0.992992991992514,0.8772204566816173,0.989237147281498,0.9912854069505119,0.6979903297982957,0.9725456610710539,0.9977957615247144,0.9937329476450989,0.9798641934889432,0.9813141023709999,0.9739362452751943,0.812836368997607,0.9902728277965854,0.7922921213863653,0.9403301510006561,0.9562351173537824,0.9558764406363369,0.9855357408701284,0.7660637987048711,0.9756166996401472,1.0,0.989678521216795,0.9987496874216344,0.8068729817744993,0.9793427627660951,0.9513854804160684,0.9826195801517708,0.9784142650096408,0.9509201922646893,0.9181766016734404,0.9903139126785209,0.9726622081555031,0.8258670561306828,0.9503835547019888,0.5046292475800379,0.7150495457942403,0.938317560420635,0.9947420676285406,0.7224891737947715,0.9645335830455077,0.9543017138772246,0.9969051489085572,0.9798511614199386,0.9683309847040128,0.9986340097456428,0.9984772531965578,0.9660407157536322,0.9787079152826732,0.9787236470594634,0.9922157129123725,0.9125925811014005,0.9612214358623791,0.7078674656146358,0.8890579086527871,0.9524558751109966,0.9453875633081044,0.9598811594120444,0.8491428427097205,0.8893729387823497,0.9950575985882332,0.462251624369473,0.8893729387823496,0.9466579255036215,0.987572528880924,0.6865918970079221,0.9760649728019319,0.9897194931195409,0.7512212748950657,0.9055643147957879,0.9395463326495261,0.9324752212064009,0.9667922513749136,0.9541968816416393
j-pop,0.9481593162163087,0.9679077837875987,0.9911285144475879,0.994325757793256,0.5319109717755656,0.9560621555521445,0.8250500569562216,0.9545990226659649,0.9890825034614934,0.991901441070669,0.927635986488924,0.955305752679249,0.9485785087743939,0.9077203972144483,0.9549926963056405,0.9129765165988466,0.5608964958572497,0.9274407219186409,0.658349803293948,0.9963390496230309,0.9910554799113842,0.9849965165467234,0.8888529819071415,0.96489296818439,0.8228894270423794,0.9908664315402615,0.7586435409096888,0.9152040500563754,0.9819498815771548,0.9655430124138058,0.9887569628282247,0.9930924446449454,0.9594553221723991,0.9925525407994757,0.9798018687383705,0.9910897829442031,0.9694614800388353,0.9884248667745154,0.9762503845376707,0.9303858046899487,0.9767642234009385,0.9831430075495433,0.7956511696398605,0.9799325261277994,0.9705684312149037,0.7218019253472435,0.9449769026914532,0.9831021881859829,0.975340183351713,0.9557536763349124,0.9456385588442068,0.9881755628220958,0.8899506948285625,0.9889035113659543,0.7336550248070477,0.9777087903208712,0.9860391045156536,0.9860414254892639,0.9582212721818161,0.6899317941270329,0.9862045007687408,0.989678521216795,1.0,0.9939065423945442,0.8828441755519023,0.9962351772201528,0.9774010078069741,0.9922551428252171,0.9892545687926237,0.9847065061992499,0.9620248370575804,0.96465451674298,0.9342207884074435,0.7725777226888193,0.9825650800835048,0.49993908243372853,0.7800751876042833,0.9673716323139402,0.9872069239213772,0.7245633359196035,0.9908985173669871,0.9867284505607619,0.9824882600925342,0.9618640172215309,0.9888792525603644,0.9852124446696133,0.9850632854857717,0.9917056707541099,0.9900399373486505,0.9887975076751421,0.9987396731279696,0.9600798617509224,0.9862555127941729,0.8012656422829787,0.9380616735985572,0.9795916318788915,0.9736564014350244,0.9819134247091635,0.9124827485190385,0.9455452652568415,0.9903764620419172,0.416091768424027,0.9455452652568415,0.9830554606102466,0.9987782456077348,0.6609065477817901,0.9967069907475845,0.9930886960753504,0.8338738614716267,0.8659015802023775,0.8978448078175176,0.9195288507079254,0.9901314836756447,0.9646477590289785
j-rock,0.90948734577676,0.9645210860416147,0.9987134894726687,0.9976966095335584,0.5333687740929337,0.9649837169238539,0.8794134243047504,0.925530051134789,0.9686992418723441,0.9788044064195096,0.9544699844417344,0.9405307158460333,0.9109755052617927,0.9240128475269187,0.9188229725898701,0.8762637076593122,0.5289088591308131,0.9452342138908283,0.639291014924457,0.9816405684571144,0.9878194596804288,0.9736755545306703,0.9335846772228213,0.9697169844918381,0.8539278485355621,0.9878063722216862,0.7305534155084179,0.947654323541306,0.9872381278605595,0.9776713119577565,0.9918618251279192,0.9845040677042186,0.9637559499433295,0.9885536307145725,0.9531692023765947,0.9769746892593526,0.9546134626746544,0.9716169082348003,0.9883715260767982,0.9298454160435368,0.9631993548602388,0.993545417585486,0.8578100216247126,0.9888306476594055,0.9900936954381607,0.7013637226351681,0.9681208408828649,0.9973393376510955,0.9920240330668968,0.9769704952761868,0.9771371042710557,0.9779123133182992,0.8344917629268439,0.991139686677659,0.7679429531321948,0.9505102341417644,0.9652082278681382,0.9648848764735317,0.981291541265254,0.7367252606781614,0.9783560388484538,0.9987496874216344,0.9939065423945442,1.0,0.8282353885370495,0.9841740199250102,0.9583630330307601,0.9851026414857889,0.9811064475002738,0.9604795440420457,0.9310994247631348,0.9876318270848923,0.9678008344329903,0.8061518073806562,0.9610094305183151,0.4981058486012259,0.7344187585960775,0.9467036279680645,0.9938066836030277,0.720798645632007,0.9719629871614386,0.9629886725158121,0.9961117726653721,0.976964895743273,0.9760751838638706,0.9979867678761591,0.9979313560385561,0.9738653322656341,0.9818349660127859,0.9813095881356146,0.9958534593913845,0.9257156986114994,0.9681683442548233,0.7337914858993926,0.9025931960830753,0.9576684047788666,0.9538279668972851,0.9670194239068736,0.8679751883152995,0.9056742512446908,0.9955829667219891,0.4394123579377977,0.9056742512446907,0.9571983920221007,0.9916001481175218,0.6712020284505367,0.9827255634305876,0.9918389724173682,0.7711682572428342,0.8927114043981358,0.9298108885707088,0.9280042918940208,0.9740580285494012,0.9610737953016945
jazz,0.9841177270102472,0.885418473133126,0.8128812625395445,0.8309693804531467,0.7944217219180718,0.8709333084353392,0.6352954235918096,0.9724104898736903,0.9367608171809745,0.909171113643624,0.7242739632484305,0.9501489673074333,0.9695388022232322,0.772276742498916,0.9621754904011203,0.9719310550063279,0.8582612691162255,0.8224382636398871,0.762941303518608,0.9104887678761722,0.8324795415988957,0.8626078287693911,0.6050316995149385,0.8225921689769096,0.7653485231751345,0.8506010888193276,0.9503378028469635,0.6895886648104117,0.8151449691876206,0.7854946492764124,0.811673655834676,0.8781427353394957,0.8505333213883026,0.8610465514087929,0.9589865508223339,0.8888073909119172,0.9209291128880339,0.8995021545939538,0.8300940009379099,0.9181117281199411,0.9132494204473802,0.825841676095556,0.5702611224618317,0.8180245612889392,0.7449584519317032,0.9259462594908922,0.7356467653931538,0.7759971744008461,0.7481449619328538,0.7221325083511334,0.6651103841090386,0.8614474353312691,0.9951905045242544,0.8125301635368136,0.8169388598737637,0.956541279501929,0.9386264946081453,0.9358037144994339,0.7355654841670103,0.7701791927008854,0.8654878903132917,0.8068729817744993,0.8828441755519023,0.8282353885370495,1.0,0.8934697898623498,0.8932815161390066,0.8489289178046451,0.847456928115845,0.9361437994453973,0.9518527924321603,0.7187158375583533,0.6412979515672621,0.741706018822424,0.9387328171162009,0.7780328706012845,0.9499628455429306,0.9159908250607004,0.7848422937954015,0.9081644281559849,0.9181212592314475,0.9391839954007815,0.7830508856301769,0.7670200897246494,0.9224592467118884,0.7843372811033186,0.7797688849940869,0.9188340314830266,0.8412880418814337,0.8356627182588754,0.8626529863345224,0.9673915026432971,0.9269440418819584,0.98255337143544,0.9620630412225547,0.9155133771577411,0.9248965567535452,0.8999832722746691,0.9896860958255349,0.9815206500770001,0.809422376143307,0.6360120904532005,0.981520650077,0.9443190009486857,0.8791160566352718,0.8216809482115615,0.9117343767151311,0.8469627921866658,0.994351951009232,0.7744136719367829,0.7114760721687237,0.8677924661056428,0.9139702949531181,0.8934955931805195
k-pop,0.9560867725171254,0.9725503248045066,0.9828999345482363,0.9893683173935754,0.5443875020037208,0.9559406182144999,0.8118688875857477,0.9575727068395514,0.9918865126555172,0.992717742700693,0.9256733677503368,0.9584202672705419,0.9563858501559762,0.9160548266491871,0.9685155692706982,0.9309514654350939,0.5732438141851754,0.9304092547534702,0.7451833858531578,0.9963494311821628,0.9938893539419017,0.9945617091348071,0.8722104120769674,0.9687950463594731,0.8333709210069724,0.9916564157975243,0.7714164775074879,0.9077654289223875,0.9795432402411999,0.9584772491981564,0.9874519531680048,0.9968597654624958,0.96372502839392,0.9936213856295023,0.9844524039091854,0.9900142890309847,0.9795812169319352,0.997112931473337,0.9678901668665489,0.9365994880241776,0.9731431637385237,0.9737681397462772,0.7811844952731415,0.9757080294533731,0.9561543249334834,0.7377995953857013,0.9361345128393818,0.9709811374378559,0.967326850969187,0.9456516591652168,0.9286641411959115,0.9962121421664594,0.9014022331514957,0.988574737497633,0.7463165620579576,0.9846396274951992,0.9916290799545548,0.9923940355303689,0.9479656768158082,0.6952147927686532,0.994089527121944,0.9793427627660951,0.9962351772201528,0.9841740199250102,0.8934697898623498,1.0,0.9902513955042163,0.9962682639982624,0.9953663825246977,0.9925651408927554,0.9686504688578641,0.9501759861590601,0.9173032286673498,0.7849965416481517,0.984629088034138,0.5111033546521042,0.7818103096625949,0.9659145786526904,0.9820662256143443,0.7357973538020515,0.9972819447924491,0.991992036327726,0.9693897974205786,0.9580429323778175,0.9873787681421425,0.9732833838687067,0.9732589682644168,0.9946289144951068,0.9954825227882478,0.9945543708609907,0.9943778452345264,0.9646147986226243,0.9850916273362236,0.81029671572892,0.9561473918622397,0.9829548043191715,0.9733207506217776,0.9798054616955356,0.920022685697551,0.9553921261099891,0.9832925540584385,0.4221744354407254,0.9553921261099891,0.9901023522306107,0.9983331611293796,0.6809182023395265,0.998448171760082,0.9917794758182551,0.8479712006834965,0.8729928495016042,0.8946629300769735,0.9278473441278476,0.9961079540271685,0.9582359982299213
kids,0.9485273473935286,0.9732374324891961,0.9591818077652933,0.9693256609422665,0.569567845824907,0.9446916839478755,0.772927740782741,0.950900785105008,0.9834192055825737,0.9785301806373641,0.9171719560914261,0.9505382012023573,0.9468423728330826,0.9290968691719184,0.9798979689160385,0.9416493579193133,0.5949671837224613,0.923999240559799,0.7757336560260206,0.9820509092523255,0.9856276935781887,0.9949005054831248,0.8291353003189512,0.9623131956578816,0.8555456140504656,0.9843142969231982,0.7875125134551895,0.8867190656969404,0.9611305145264186,0.9287489364775623,0.9707496818738055,0.9861518633610866,0.9566951174458467,0.9800658674964833,0.973663285476025,0.9767481764651448,0.9776580021531285,0.9960830368833957,0.945828605823374,0.9357592405189243,0.9463533101551004,0.9468907342037205,0.7430865814849343,0.9554838760252438,0.9214154164915506,0.7636379459750504,0.9091539661251393,0.9424097846682752,0.9429405250563738,0.9143879312529912,0.8913474862778414,0.9934831096419605,0.9066707592344764,0.9743470729094155,0.7702638153862071,0.9742618514007493,0.9829853085213975,0.9844885727566497,0.9208712046078171,0.6952797398173881,0.9894515198761347,0.9513854804160684,0.9774010078069741,0.9583630330307601,0.8932815161390066,0.9902513955042163,1.0,0.9901772379968068,0.991861322767567,0.9864857229366002,0.9546654882815595,0.9157469576799997,0.8751639429348081,0.8078546191569634,0.9746398541930621,0.536357079386528,0.7577481278264848,0.9495454656725988,0.9661524864520201,0.7563287070015539,0.9897158158024761,0.9810389384910378,0.9430870545681775,0.9386963657688286,0.9762821637419428,0.9458514069596322,0.9466900052002412,0.9873249219059907,0.9919904287613721,0.9908986400307046,0.9757206401749732,0.9591905156268155,0.9733076362743613,0.8016215045758676,0.9654129289630367,0.9760704346661087,0.9610304511586807,0.9625961841192014,0.9100576861465739,0.950652104030356,0.9666340914543159,0.42416304179580333,0.9506521040303559,0.9848690079948927,0.9834212113269989,0.7256191068799334,0.9870281055330448,0.9798761824112541,0.8505376132168698,0.8788726533097049,0.8797293534614468,0.9354997223433625,0.98761708634688,0.9300590511793958
latin,0.9277799011854317,0.9729990139537305,0.9860756371038004,0.9908917361130165,0.5037684629339688,0.9518459413352536,0.8173583876196879,0.935672934238653,0.9808010452703172,0.9824488709684848,0.9372957045637871,0.9406552205571579,0.9285411222739526,0.92731949022013,0.9527125839069213,0.9055437544938334,0.5172684648137665,0.9311676047378932,0.6591506335538371,0.9884364472197034,0.9983513296858806,0.9963818416916747,0.8840469652067793,0.9736072806114994,0.8401157490937086,0.9963180289848579,0.7260411433963654,0.9169134650030755,0.9800976241092993,0.9575272856165631,0.9913930697612898,0.9943121930732077,0.963228664066386,0.9914383281096593,0.9658143553429156,0.9851029631041872,0.9693515991882282,0.9926621224844993,0.9685430234995609,0.9234805560521164,0.9554969988138169,0.9728207755205047,0.7926005690628595,0.9773557224378462,0.9607589734400983,0.6980934016938517,0.9407738368835032,0.9757603931523046,0.974552743163163,0.9509780759480172,0.9393378678265178,0.9975072078448162,0.8632376133369473,0.9935869863688823,0.7370860171478324,0.9657052609974741,0.9789025364082964,0.9802134168913781,0.9555589570136301,0.6811690608113692,0.9936352691377812,0.9826195801517708,0.9922551428252171,0.9851026414857889,0.8489289178046451,0.9962682639982624,0.9901772379968068,0.9999999999999999,0.9996198778742933,0.9795862825854273,0.9451906414980876,0.9575279163487032,0.9278644548509282,0.7893494275341568,0.9706096341749573,0.4685175753072966,0.7195848622230743,0.9502980264021468,0.9907413617612513,0.7008788451627228,0.9885763656445411,0.9776493078213226,0.9752696778996763,0.9639786867784934,0.9784210441249546,0.9783579180194323,0.9790278678807143,0.9863202962584348,0.9996744368672714,0.9995584283924404,0.9931468009145108,0.9428320152744286,0.9754669303317801,0.7464726650715685,0.9358534301902337,0.9758228230567393,0.9599066160181161,0.9688012943442642,0.8789453767453987,0.9271016898855127,0.9896416196407087,0.3920449507849082,0.9271016898855127,0.9763687746944678,0.9951561252691203,0.6660436151394785,0.9914112722313642,0.9948607221010379,0.7959928447855009,0.877747891721179,0.9019714567610335,0.9263188928420278,0.9871477547481396,0.943272002680277
latino,0.9266923575023145,0.9687683238964786,0.9827194879782624,0.9886762008388748,0.4893304934852931,0.9456251720894434,0.8056268978633034,0.9310017182484644,0.9783841618397342,0.9810569867951249,0.9320675291606693,0.9355266699035469,0.9279987039531203,0.9225037441145931,0.9528575499401006,0.9061358848174865,0.5049022026355009,0.9254990382963977,0.6690746867409377,0.9860714964580195,0.9982995730891999,0.9976398847365752,0.8781564520725665,0.9721712498986036,0.8293556925604291,0.9943926168384752,0.7165629184782678,0.9112870308720826,0.9793458093746217,0.956425845164329,0.9907485717703843,0.9941679144918436,0.9608956251539122,0.991224895401135,0.9639714509799623,0.9815380808798446,0.9689250210890978,0.9930924128523948,0.9626101457221995,0.9172022415436174,0.9532857262955873,0.9685350095594101,0.779838035183293,0.9748861928697418,0.9569320607792615,0.6866317902944497,0.937062048238374,0.9715682401761228,0.9724149042962108,0.9487327302635651,0.9351079374619098,0.9985679344804234,0.8616965042425283,0.9930230572477606,0.7215897443901211,0.9646122113906672,0.9779282631178154,0.9796963621753875,0.9517034313514499,0.6628403415073215,0.9947943368478271,0.9784142650096408,0.9892545687926237,0.9811064475002738,0.847456928115845,0.9953663825246977,0.991861322767567,0.9996198778742933,1.0,0.9792780001380414,0.9448388097430842,0.9536286653456021,0.9244088996011062,0.779081836183104,0.9683728999158199,0.45398715757209684,0.7137864206446667,0.945973122814481,0.9885148606684382,0.6869855572527543,0.9881736175696936,0.976033552552057,0.9699407452482085,0.9620511933107843,0.9747508159368077,0.9740125932962889,0.9748052565412129,0.9844952210397326,0.9998433280668595,0.9999161633602038,0.9902702648901235,0.9397754846008768,0.9713486706291647,0.7449843948688832,0.9382349472366169,0.9726895522558394,0.9562173947192383,0.9652526476461112,0.8780566291165577,0.9269457490374713,0.9861722931201986,0.3779295479989768,0.9269457490374714,0.9754233154786458,0.9933122729343875,0.655603197039365,0.9896883745781169,0.992709716108749,0.794141394309283,0.8698958837902366,0.8960985788850956,0.9197924503337099,0.9871611517718856,0.9406362821067477
malay,0.9825681702831863,0.9552735890144621,0.9565855432107826,0.9676446698640435,0.5550076938840072,0.9343915476331582,0.7575866005750107,0.971725167086926,0.9945843254341773,0.9919573112315644,0.87948115046324,0.962034009357831,0.9835068344872124,0.8784270515293209,0.9851228178576572,0.9554843805295337,0.6055213096257479,0.9008567218899773,0.7619628341190369,0.9940727289896764,0.9746049316944778,0.9825223738383657,0.8144100023467769,0.9450375742241044,0.7911906296801372,0.9719922266297152,0.7942445848110321,0.8606941470237217,0.9586125908543095,0.935050423838594,0.9641461972260668,0.9875377417761217,0.9446110733209642,0.9812545670686426,0.9963608781857352,0.9828548566367374,0.9797531392598842,0.9935027584831564,0.9405199878257269,0.9277511498639219,0.9796992689890249,0.949476206447691,0.7164213676883133,0.9510515945450919,0.920403886706115,0.7516261678224594,0.8995666547443024,0.9380061547408032,0.9304443330514285,0.9091268407495594,0.8788697844954252,0.9845692979444618,0.9415281426987914,0.9649563859903296,0.7164057538966566,0.9969136625056216,0.997368899037347,0.9983281039466504,0.9074088350285805,0.6643350347358865,0.9813774772822312,0.9509201922646893,0.9847065061992499,0.9604795440420457,0.9361437994453973,0.9925651408927554,0.9864857229366002,0.9795862825854273,0.9792780001380414,1.0000000000000002,0.9890811965540827,0.9089546302791016,0.8664016407112669,0.7456128588814752,0.9915656371647964,0.5250117684833959,0.8285281192294092,0.9710782090461172,0.9513512766024697,0.7396402815960396,0.9984881214786218,0.9984500429615639,0.9361855537943493,0.9255368496185005,0.9850399855611732,0.941290004837169,0.9405819264961095,0.9941854557570429,0.9791756146654244,0.9770561598233414,0.9790061577578405,0.9818301198832744,0.9840012527191844,0.8705937048245529,0.97821914973429,0.9811750839313098,0.9765366559060569,0.9789778456460468,0.9567254392142835,0.9832804657685486,0.9555949416777925,0.42431392064022955,0.9832804657685486,0.9989837507288943,0.9868987104642789,0.6694177402251721,0.995098238455754,0.9723476267564402,0.8982652776506237,0.8353230038199623,0.8506063652741958,0.9053834779896472,0.9964243433307416,0.9584227199913329
mandopop,0.992507738351831,0.9034949912172705,0.924657897702112,0.9384144285724119,0.5226190227039889,0.8845415457695956,0.6967697163048265,0.9587214962134859,0.9762034454859146,0.9774991430956411,0.812113478339073,0.9370788861295423,0.9969901793730309,0.8030658402988624,0.9692423901839275,0.9460913770448698,0.5792452483760084,0.8418868193884073,0.6842123547026282,0.9786714776968777,0.9417399490129097,0.946076866362415,0.764205165426029,0.9035550457403285,0.7030782869064772,0.9338406872741957,0.7599557790830856,0.8041828183024728,0.9322324858911295,0.915529213859597,0.9341203509356066,0.9660369764382284,0.903835792811459,0.9587279412135474,0.9912883759670499,0.9561715668667586,0.9546095810338369,0.965793829446691,0.8988230796194634,0.8803314727015041,0.9841883201816221,0.9191668086003771,0.6455965512120139,0.9178898490784401,0.8898806675277289,0.7035942998956992,0.860561910508526,0.9025815996617255,0.8887467977545662,0.8774432605731969,0.8371558798134358,0.9542784541673572,0.9509866673566991,0.932851743778025,0.6427596355097049,0.9920234956684051,0.9867242935060866,0.9884525716900492,0.8635683057317429,0.6035577674538294,0.9460571308701144,0.9181766016734404,0.9620248370575804,0.9310994247631348,0.9518527924321603,0.9686504688578641,0.9546654882815595,0.9451906414980876,0.9448388097430842,0.9890811965540827,1.0,0.8727002556265215,0.8281091796518643,0.6637508373815164,0.9799732907053735,0.49611490569956923,0.8566963648683814,0.9560551028500786,0.9092528628766287,0.6902250785033652,0.9829904950535041,0.9871619480370983,0.8969870148870532,0.8864202072910041,0.9637226634586102,0.9059889585154488,0.9040097080823387,0.9727616327799058,0.9435583306647896,0.9409747016127394,0.9539664712250715,0.9733277068575443,0.9604763571915795,0.9116276232900472,0.9728702069246027,0.9524287387654693,0.9566946163326705,0.9614263155507738,0.9743527242309609,0.994026519097014,0.9144966365569307,0.40713695638703057,0.994026519097014,0.987745157800384,0.9618936260196187,0.6050143861638972,0.9764453717319876,0.9394112165338024,0.9140021481769247,0.7607674165121154,0.788481964263331,0.8413319609545014,0.9808759644168066,0.9569904602636072
metal,0.8329891518445653,0.9360105250798212,0.9903932721202626,0.9855021571266539,0.5008203034290719,0.9560365355062171,0.9371205793609443,0.8531595908049987,0.9157869343458839,0.941209012182328,0.9691692579897389,0.8948912191338998,0.8391375107504757,0.926408463656514,0.8444458708054172,0.8097394547331489,0.44201871881873467,0.9540755041902975,0.6015109880314744,0.9411631126555541,0.9681436415081368,0.9413022627383925,0.9759101669347833,0.9654969126574715,0.8751837750441689,0.9641254124876422,0.6459247495447245,0.9732854595269483,0.9836933939734522,0.9873783145270356,0.9828430322910314,0.9604043307492425,0.9584323238143233,0.9705184968625412,0.8936084330840073,0.9288924736242197,0.9206473718007293,0.9300796618832672,0.9833622760004603,0.9045842478705721,0.9280225330094474,0.9903972296575758,0.9196695066178068,0.987351634587269,0.9993601130689527,0.6263515506778097,0.9855448959089663,0.9958147790761405,0.9954494633400195,0.9929697400332049,0.9978821407133134,0.9498016996454823,0.7240652012371585,0.9802793822506977,0.7897372786684913,0.8922865613337271,0.9198960417018941,0.9202843014906311,0.9949598567827292,0.7789235740764018,0.9519269591924209,0.9903139126785209,0.96465451674298,0.9876318270848923,0.7187158375583533,0.9501759861590601,0.9157469576799997,0.9575279163487032,0.9536286653456021,0.9089546302791016,0.8727002556265215,1.0,0.994381993036482,0.8392936439875784,0.9056227056251847,0.4595071015829,0.6311494501058594,0.8825897971416534,0.9790648327800169,0.6703571159904063,0.9295819156830061,0.9085630694739766,0.9902393640822762,0.9857600224937698,0.9349217889938533,0.9938574248690926,0.9930647614426289,0.9247815742521069,0.951936906103362,0.9533502127373734,0.9730381735351967,0.8445308843879247,0.9118310833917744,0.6044362581880107,0.841973442290723,0.8969702748236639,0.892145519640402,0.9152562025149464,0.7759479430242275,0.8296301620752237,0.9775737984738323,0.4634496752319429,0.8296301620752238,0.9010604166170693,0.9626353468273268,0.661868159018067,0.9443996100013372,0.9724534723073552,0.6500681137784357,0.9149107612034408,0.9585252430222122,0.9189504303009458,0.9377219184902399,0.9447247273219306
metalcore,0.770994252827016,0.896769056838467,0.9716748191510236,0.965402412087113,0.43729933096632345,0.9295530912483028,0.9502936106320785,0.791101015416613,0.8691819744206402,0.9105946989515771,0.9546201123476992,0.8470870824022703,0.7857032668116478,0.8979150742346464,0.781291286499944,0.7514090790434502,0.36897957012827426,0.937043204576598,0.5961335899238727,0.9039944367966621,0.943468003210347,0.9109123882226868,0.9857659979008928,0.9442559359715864,0.8492018583105279,0.9329035684746759,0.5692317358214161,0.9684675068597846,0.9694795773400836,0.9825522030093814,0.9650285989817795,0.9333467055901292,0.9368278163093188,0.9482795496956653,0.8438324402384978,0.8897051020287012,0.8850596206394736,0.8941666296862831,0.9629691485555252,0.8662636077288521,0.9009668415072999,0.9751746522991181,0.9346176975463114,0.9721350401700302,0.9931599585781862,0.54810105452359,0.9820122729257701,0.9819710561833916,0.9857878575973722,0.9916364447218624,0.9976088903115616,0.9218931979228804,0.6436842464537604,0.9609008260760858,0.7562431013571567,0.8441173224408953,0.8782162270112186,0.87982947883598,0.9873473822346641,0.7623664003805173,0.9261947881817145,0.9726622081555031,0.9342207884074435,0.9678008344329903,0.6412979515672621,0.9173032286673498,0.8751639429348081,0.9278644548509282,0.9244088996011062,0.8664016407112669,0.8281091796518643,0.994381993036482,1.0,0.8185783186423201,0.861949551164203,0.39584812660154245,0.56342719263707,0.8398612513234579,0.9592900874126291,0.5984187423714991,0.8920162901810285,0.8638745128501437,0.9715282309173752,0.9756058229693216,0.8939876939437368,0.9778478225745124,0.9768679468888297,0.8838185574525128,0.9229813367562798,0.9253178431315399,0.9457987461782501,0.7824342781994104,0.8621862282970749,0.5272098377691857,0.7904738889867853,0.8451918791275449,0.8466989508273384,0.8797871068940675,0.7127069945525335,0.7697144104472711,0.9528148243679662,0.4411590207352756,0.769714410447271,0.8547654215039502,0.9338778076706065,0.6073417597453047,0.9081095031050579,0.9447171969874437,0.5728627190210752,0.8977976434272023,0.9536293157003017,0.887058564659027,0.9045373662693647,0.9241253815829016
minimal-techno,0.7877860905610237,0.9056797651281489,0.8440287330578751,0.8356444368770461,0.803854515369615,0.9288618947187324,0.901032761906531,0.8291139490045103,0.8010754660692931,0.7912925040024164,0.9497160296760607,0.8891893643307769,0.6601496159726212,0.9689712417207403,0.8082780446111397,0.8641878078412754,0.70883062761339,0.9589025558490094,0.4428958086367133,0.7436090264668296,0.8026582802902315,0.7446402116096736,0.8795353260011969,0.9364323671248016,0.9939960857304955,0.8631815173327662,0.8169316541539545,0.9401925056234701,0.8817898093316792,0.879222393622616,0.8572521935321297,0.8494025613321285,0.9399325135877712,0.8405871265233047,0.803328200781346,0.6542451115112149,0.8990878995418051,0.766935727725532,0.8932398721693885,0.9279044225702271,0.7421285233938871,0.8756921816511363,0.8902044740990831,0.8968464794490858,0.8266627421283052,0.837288331349827,0.9166761376580568,0.8257109407374585,0.8470506194824103,0.8869190798802192,0.8388509653238727,0.8002129015577499,0.7320366203461088,0.8605969106118907,0.9734403547042374,0.8123791172934771,0.8408151796573604,0.8331196701183602,0.8954149640082354,0.9278869918838986,0.8337476709444358,0.8258670561306828,0.7725777226888193,0.8061518073806562,0.741706018822424,0.7849965416481517,0.8078546191569634,0.7893494275341568,0.779081836183104,0.7456128588814752,0.6637508373815164,0.8392936439875784,0.8185783186423201,1.0,0.7666346571845621,0.7724344519431483,0.7041424851865701,0.6219491928144655,0.6903356504144409,0.87062748804112,0.7740143572548943,0.7549737163190007,0.8298529492815417,0.9222591311529612,0.8513063978449016,0.823400123874632,0.8144335616434795,0.7365893424615686,0.6895623241211243,0.694707771838233,0.8013512622534548,0.7277711727359428,0.7732766550914574,0.6337377629816907,0.8515478001708396,0.7478612319249867,0.725452110446194,0.6311342307970451,0.7446451999904142,0.7684245026651111,0.8037973506233744,0.7524742502954815,0.768424502665111,0.7770878647838512,0.811240080904648,0.9349657257260305,0.8078333601398403,0.8654815465588822,0.7085829857344526,0.989071184556604,0.9603928834865297,0.9610083289816476,0.8327817621217384,0.8690286217946018
mpb,0.9763723665242272,0.9604153139210552,0.9552189898086929,0.9633505441657679,0.5966474882009951,0.943164924016672,0.7747123395520491,0.9814458977751659,0.9940883506234821,0.9940683874611682,0.8842959369763943,0.9691946334623648,0.9794981729269424,0.8823813412215936,0.9798839368111354,0.9496887452842859,0.6480521084997068,0.9089904236213542,0.6968279081007209,0.9905267732995637,0.9637996238121942,0.9696725425607704,0.814966767471838,0.9384381577861658,0.8137718797605074,0.9683241813350355,0.8238794333033015,0.8627470896611242,0.949762949378413,0.9260713187319547,0.955077820321296,0.9778218834204573,0.9425481029575364,0.9713449836780048,0.9930008266907662,0.9872637915686495,0.9727757210989647,0.9845194434982526,0.9465639243759674,0.9406855017750639,0.9836663574422373,0.9517919618188442,0.7359582571168434,0.9488450046846936,0.9185082745243036,0.7866889561249644,0.8990833738416487,0.9381801552998834,0.9260433776498933,0.903023935921152,0.8788564826249234,0.97331035999185,0.9457458979688286,0.9558875340427508,0.7562617039173807,0.9905211795883012,0.9898094762324017,0.9898514163587686,0.9069278923523281,0.7083984203596159,0.9699056441988161,0.9503835547019888,0.9825650800835048,0.9610094305183151,0.9387328171162009,0.984629088034138,0.9746398541930621,0.9706096341749573,0.9683728999158199,0.9915656371647964,0.9799732907053735,0.9056227056251847,0.861949551164203,0.7666346571845621,1.0,0.5714121127940253,0.8462526282614532,0.9913444450970633,0.9503465014952085,0.7775910869100768,0.9879385468971318,0.9925238035853103,0.9392376127415707,0.9199540515983812,0.9893687817827534,0.9412897322886533,0.9415771301113594,0.9957870228547476,0.9703039648260235,0.9662513123650047,0.9750355989772097,0.987819367121071,0.989631679689934,0.8784694899078238,0.9659060300897895,0.982449877655587,0.9935427158624965,0.9944201502875181,0.9587700413670732,0.9748188833540277,0.9586891251847118,0.4717803434792637,0.9748188833540277,0.9943647338909378,0.9841563678480685,0.7059059988198269,0.9907004944140588,0.9681853702922936,0.90844384994765,0.847787813803482,0.856509638891284,0.9189990946092799,0.9873245861075675,0.9626004820235808
new-age,0.6997306887659523,0.674217206397052,0.5215828853454717,0.5204030167351743,0.9965715709051304,0.7083716871361678,0.5818259386515849,0.7460960891275346,0.6013840123480756,0.555251735052337,0.5733273423766305,0.7689821704641087,0.5237249878273744,0.645625655126518,0.6645843144461292,0.7923285880727087,0.9840999325656011,0.6953072364917114,0.3675212284088619,0.49405900763231836,0.4685794431774954,0.4419169135585519,0.4589596488633253,0.6336244117170478,0.7440028173141071,0.5697024222957289,0.9376920265266483,0.5515754554519462,0.5617975665365382,0.5565661493456828,0.5182341745214096,0.570265658826548,0.6745608905679166,0.548117166055881,0.6451916343544908,0.4134931506334716,0.7047331417601171,0.501093686048034,0.6194480877025121,0.784057641872575,0.5326129779497789,0.590964122904412,0.5308376110499103,0.5916228258823768,0.46661270009933054,0.9479771015810823,0.5612617520586378,0.48367423802999093,0.47678700182106226,0.5076463463144059,0.4289808954696015,0.490003734045096,0.7386679420822819,0.5213930671762966,0.8851090796675523,0.6534727425465245,0.6465502415635035,0.6292335774289121,0.5298224529182358,0.8855705922096471,0.5468778225762092,0.5046292475800379,0.49993908243372853,0.4981058486012259,0.7780328706012845,0.5111033546521042,0.536357079386528,0.4685175753072966,0.45398715757209684,0.5250117684833959,0.49611490569956923,0.4595071015829,0.39584812660154245,0.7724344519431483,0.5714121127940253,1.0,0.8770627300121401,0.4462442339272197,0.3613384370240553,0.9593425097937776,0.5269126182151931,0.5465339520978366,0.49942531414778996,0.5750503487326906,0.6557946353868461,0.48417165544318863,0.4695693960261841,0.5002063390235805,0.382661248263931,0.3806540606520346,0.5086736456921923,0.5925153578857898,0.5744766590732457,0.7704821633445653,0.728024537772581,0.5305803243040088,0.5393274185992769,0.4244107073596899,0.7293898234526046,0.6629610281403158,0.4740634195681477,0.9496746383789199,0.6629610281403158,0.5739849695149147,0.534008736406731,0.9282270232548568,0.5656499818012066,0.5660559779484527,0.8173506779841345,0.7167269152241438,0.6077471233103102,0.7443467227477097,0.5966336099204821,0.6903144613634208
opera,0.9163342177748839,0.7848518144506167,0.7176363964122414,0.732998844777667,0.883311224669173,0.8118724182396209,0.6278492735811173,0.8979733855160489,0.8360449062666653,0.8221458187869244,0.6354013020528357,0.8941429641987191,0.8785780262051095,0.6660584311041429,0.8489102166781557,0.9078064121360708,0.9184758430882696,0.7663286608741986,0.6274808229134808,0.8006655629843206,0.7082632322337652,0.7250719410343442,0.552659826474037,0.7295477532000201,0.7037950824963042,0.7332210365968266,0.9590942361859578,0.621462786160804,0.7284535436403308,0.7218255541030469,0.7078133305973878,0.7782208773196242,0.776035264444894,0.7651006253121388,0.8772358881898696,0.752432885446416,0.8426371969313519,0.7762736949559209,0.7568614487750994,0.8724600251791319,0.8509073394363367,0.7568232294567657,0.551731494931923,0.7397093995028349,0.6616063427753451,0.9284923930266937,0.6721420823955975,0.6817218114797372,0.6509735305299604,0.6512290065587831,0.5793915192096284,0.7378602354600541,0.9188283197414215,0.7042013752472795,0.8256466194083575,0.8762566995851289,0.8517301374724118,0.8462725247081982,0.655826639215322,0.8358533880816563,0.7542163995616302,0.7150495457942403,0.7800751876042833,0.7344187585960775,0.9499628455429306,0.7818103096625949,0.7577481278264848,0.7195848622230743,0.7137864206446667,0.8285281192294092,0.8566963648683814,0.6311494501058594,0.56342719263707,0.7041424851865701,0.8462526282614532,0.8770627300121401,1.0,0.8041050667143739,0.6496537620582448,0.9334647583904745,0.8099393817400036,0.838050652690577,0.682954126869282,0.685707713913941,0.8340194901484925,0.6874863175264572,0.6786852229304579,0.8033677100275514,0.6907729302437422,0.6856102691067928,0.7586499440072652,0.8675684287930316,0.8210585332983982,0.9742347114782324,0.8813236464535009,0.7898645265790867,0.8273631285064125,0.7802605851510682,0.9499628661013371,0.9084657758214916,0.6916293804711805,0.7951617826561781,0.9084657758214916,0.8417366222700613,0.7780096973090014,0.8246740536432838,0.8120535800010593,0.7378001720299899,0.953536943130628,0.7193327840110426,0.6536967202844151,0.7987220928336358,0.8211451032898256,0.8631188895619197
pagode,0.9525997170227876,0.9134969887835845,0.9354353600604646,0.9416461245686695,0.46227310811821215,0.8739752264536784,0.6915480989408962,0.960174334962226,0.9802243305973459,0.9801860120203756,0.8105329108951662,0.9145721256015815,0.9590111242151995,0.7886342239426023,0.9572584946802554,0.8948650289952003,0.5330642972826671,0.8206979350958769,0.7188613375170394,0.972620066738201,0.9388013607405579,0.9482300577476833,0.7717305645850492,0.8867402509305986,0.6786092155090279,0.946077723507597,0.7101924751797037,0.7929759068314788,0.9156142253545207,0.8916269752645763,0.9292098057404754,0.9520942359816877,0.8801225345097909,0.9445313487711933,0.9760104992440815,0.9854318337272212,0.9283971298255398,0.9658986115361601,0.9093399296371342,0.8547493201402435,0.9686257805687533,0.9246205154392676,0.6578334317498472,0.9138135810551332,0.8971093622033979,0.6575438751530838,0.8526617932407566,0.9206302350375555,0.903577600108739,0.8712085544742658,0.8564463589860094,0.9493512638288378,0.9290478306282516,0.9303696636243163,0.6065651396364655,0.9716233128660763,0.9646193925259974,0.9651198740609435,0.8695723214605675,0.5718893305923212,0.9494988761690826,0.938317560420635,0.9673716323139402,0.9467036279680645,0.9159908250607004,0.9659145786526904,0.9495454656725988,0.9502980264021468,0.945973122814481,0.9710782090461172,0.9560551028500786,0.8825897971416534,0.8398612513234579,0.6219491928144655,0.9913444450970633,0.4462442339272197,0.8041050667143739,1.0,0.9369649482349103,0.6373241552814821,0.9655986010758686,0.977155974349798,0.9236805995142869,0.8760636738985402,0.967547764276492,0.9249373703000281,0.9260514901489665,0.9855009990731409,0.9499907026495136,0.9444798501384679,0.9559980127139958,0.9825313404982213,0.9859837277803735,0.866978417887424,0.9262313977597582,0.9800187282959996,0.9985545055411071,0.9965640931753914,0.9433475545247011,0.9500888506055996,0.9472409077175458,0.37952885645104334,0.9500888506055994,0.9761074140625422,0.9693132863955496,0.5620974710418578,0.9723300045385846,0.9435820266816738,0.891823952825022,0.7274441039948176,0.7705673294270616,0.821953478427916,0.9635329311338927,0.9291916140596435
party,0.8825663276884188,0.9351714042830606,0.9931408921090727,0.9930252318782222,0.3913013049198752,0.9089818762428399,0.7944893254649896,0.893793034760773,0.958200873993766,0.9691273996052218,0.906914420842527,0.889768753677509,0.8865861687352403,0.8697914911655826,0.9094322973282849,0.8386125257060935,0.4054367482723281,0.8800988725989947,0.6497546953520499,0.9728895743094544,0.9920936109514742,0.9809031052594726,0.8995509251384376,0.9514952478820402,0.7468308847262641,0.9888342948274891,0.6137640252255334,0.8988416987837814,0.9767142374034943,0.9622550156672741,0.9913333279187886,0.981528344780358,0.9292635828446023,0.9834110778840104,0.9349789200417944,0.9753152475276381,0.9305302804561685,0.9723062200705074,0.95933496422535,0.8567686891819333,0.9422739795516697,0.974452151547059,0.7706403441196583,0.9730925794641428,0.9809273377905557,0.5732513453030259,0.9402693948196407,0.9909113663449189,0.9877602187425405,0.9639737001602142,0.9678876702940681,0.9832206761425948,0.8031966939230166,0.9925030922093551,0.6221299186684168,0.9330461904196717,0.951215125156241,0.9532885457243998,0.9620437139672018,0.5845273784780367,0.9814689067391327,0.9947420676285406,0.9872069239213772,0.9938066836030277,0.7848422937954015,0.9820662256143443,0.9661524864520201,0.9907413617612513,0.9885148606684382,0.9513512766024697,0.9092528628766287,0.9790648327800169,0.9592900874126291,0.6903356504144409,0.9503465014952085,0.3613384370240553,0.6496537620582448,0.9369649482349103,0.9999999999999999,0.5794268528528561,0.9657453938662741,0.9510259898644128,0.9900622816352633,0.9594539537269511,0.9583280518455963,0.9929141318267112,0.9942955825833596,0.968769303825413,0.9892826544629798,0.9894077454910901,0.9900628274241885,0.908348083688912,0.9593484859810648,0.6784221289830215,0.8843432441812855,0.9550843140402616,0.9454580226633573,0.9603479627029572,0.8289189922107774,0.8806822885492881,0.9976582457794686,0.31786392530323737,0.8806822885492881,0.9470294292365095,0.9876722307771919,0.5383394620984112,0.975685162269649,0.9894711335210915,0.7240500721656902,0.8026982779857037,0.8671528191898372,0.8553851841847462,0.9659954853546793,0.9285718522478522
piano,0.8708151592847417,0.8514663815501173,0.737439942702478,0.739805810251889,0.9702878668875367,0.8714842368644652,0.718682248956648,0.8990836946829319,0.8070480596256457,0.7659338027305107,0.7521023667050584,0.9180832857197114,0.7142147684510203,0.8072697255402931,0.8483959888146684,0.9261742831346489,0.9665192509910014,0.8530943309274472,0.476537558260909,0.7150188618093414,0.6989827951305915,0.668820058469171,0.6300781069229562,0.810842293337487,0.8632575597675098,0.7761619823820823,0.990383348226765,0.7259665103543073,0.7654658136304635,0.75236455686686,0.7347451536827807,0.7821873500400507,0.8455488576303075,0.7635623854279404,0.837485672483318,0.6230953287545318,0.8736521827867428,0.7237818941748955,0.8052494844771636,0.9229446639969324,0.7361913331504286,0.7844241049134009,0.6603485973393463,0.784607179307687,0.6815432697062437,0.9928325671716569,0.7436823742286277,0.7008507202750446,0.6899973379820048,0.7030604085705576,0.6301268155893318,0.7172751024754761,0.8830271331073771,0.7366711068196261,0.9548929214146369,0.8425676897118763,0.8403821409339673,0.8280989677275262,0.7248509219226836,0.9281210115106688,0.7598156046959275,0.7224891737947715,0.7245633359196035,0.720798645632007,0.9081644281559849,0.7357973538020515,0.7563287070015539,0.7008788451627228,0.6869855572527543,0.7396402815960396,0.6902250785033652,0.6703571159904063,0.5984187423714991,0.87062748804112,0.7775910869100768,0.9593425097937776,0.9334647583904745,0.6373241552814821,0.5794268528528561,1.0,0.7472526787941836,0.760165266478372,0.7142131496410005,0.7597585405369112,0.8429997789684536,0.7044560919177056,0.692263619027364,0.718468257716635,0.6017818373763698,0.6014617162588424,0.7336086063460008,0.79184306767322,0.7844203840101487,0.8769624586445736,0.8872616917866396,0.7501909220140679,0.7444900413675531,0.618144684410183,0.8780381900631054,0.8455308293509889,0.7005878131755305,0.8618249442682948,0.8455308293509889,0.7844024493015556,0.7542399516231317,0.9689491505726024,0.7801216016641819,0.7745095422076267,0.918387524049723,0.852094401687189,0.766531757476735,0.8933968835839077,0.8031010819697182,0.8537796132085486
pop,0.9730279685705359,0.965540592679941,0.9698280839208935,0.9790078189014825,0.5595801150473962,0.9487467556009092,0.7890021995512498,0.9664438266838495,0.9940172361609696,0.992882650814949,0.9058355720923177,0.9642418868394029,0.9738073985702467,0.9015998615025369,0.978870731950388,0.9483046045640471,0.5973590672101009,0.9204800661409142,0.6817415559226162,0.9968054748149058,0.9853397102611048,0.9891096270043651,0.8447221635704489,0.959486036636146,0.8195387552281448,0.9820594064127575,0.7908096482081299,0.8882071898569468,0.9712365093097806,0.9491189982395816,0.9769121406787078,0.9939666591340891,0.9577776803877681,0.9892980529177988,0.992525249771352,0.9859278992027829,0.9829640505298582,0.9963019757070508,0.9551024974408615,0.9374834193054862,0.978227514992285,0.9621678814584222,0.7521855766606305,0.9646362806131439,0.9384087693017337,0.7534771370469278,0.9200874266445918,0.9540176046124174,0.9486435481363769,0.9289837475848067,0.9033652283712619,0.9916017682545053,0.923867151665418,0.977778353911235,0.7411525878090417,0.9930700201230882,0.9970964643207185,0.9979942545584395,0.9283935521840443,0.6893608098946582,0.9880619677227356,0.9645335830455077,0.9908985173669871,0.9719629871614386,0.9181212592314475,0.9972819447924491,0.9897158158024761,0.9885763656445411,0.9881736175696936,0.9984881214786218,0.9829904950535041,0.9295819156830061,0.8920162901810285,0.7740143572548943,0.9879385468971318,0.5269126182151931,0.8099393817400036,0.9655986010758686,0.9657453938662741,0.7472526787941836,1.0,0.9968779784109506,0.9520519216939887,0.9436667799986485,0.9875154426437207,0.9568871836956014,0.9563133614198692,0.9946483545577944,0.9879869834314792,0.9865430213049927,0.9875380111628752,0.9738515167665506,0.9839463830585504,0.8433319754953525,0.9714153275917363,0.9815177254223059,0.9722358542684346,0.9771153359886063,0.9411306964049055,0.9732925232904536,0.9683163134456498,0.4306329640272,0.9732925232904535,0.9964704198256763,0.9930587415471868,0.6845111164039939,0.9980076978928772,0.9828058449292547,0.8756646315588308,0.8611970628662177,0.8771948022773775,0.9219774441481459,0.998392259670481,0.9613036586207853
pop-film,0.982420299855086,0.960643400210724,0.9574472322746094,0.9669891530514829,0.5761902222140205,0.9413091626804475,0.7680076648022036,0.9781748477115527,0.9970819186707507,0.9908921907741615,0.8805170669083583,0.9676873102279565,0.9820179782568035,0.8792315472956663,0.9834583989299244,0.9526517877746772,0.6285338720160512,0.9057495059730736,0.6910150506684166,0.9949176384156597,0.970929000391748,0.9788420463298535,0.8149789861063947,0.9421688184691426,0.8011389116710348,0.9718289447380604,0.8103859278901284,0.8604375696814105,0.9542639061015168,0.9309961994113214,0.9606791764237859,0.9842330999604725,0.9439634751835524,0.9773436106927469,0.997735094644417,0.9876226448209208,0.9778027074035986,0.9909626063357804,0.9458790456375814,0.9350822466833592,0.9791671960816857,0.9517146017242866,0.7272351982378733,0.9500388257365608,0.9201658925826202,0.7717430892882038,0.8977928954716052,0.9394379766636802,0.928605685195419,0.9053378534248004,0.8771607794062031,0.9797634013710934,0.9444415523206537,0.961440282723671,0.7370852207891764,0.997365894895347,0.9963532467305353,0.996386554376589,0.9073859715838946,0.6884414786751853,0.9777328235066529,0.9543017138772246,0.9867284505607619,0.9629886725158121,0.9391839954007815,0.991992036327726,0.9810389384910378,0.9776493078213226,0.976033552552057,0.9984500429615639,0.9871619480370983,0.9085630694739766,0.8638745128501437,0.7549737163190007,0.9925238035853103,0.5465339520978366,0.838050652690577,0.977155974349798,0.9510259898644128,0.760165266478372,0.9968779784109506,1.0,0.9394774346006922,0.9224139293172041,0.9877738543956828,0.9432983933394352,0.9422127659659134,0.9952212039757876,0.9762326401057275,0.973925277704359,0.9800485337547595,0.9866501375707719,0.9902890355073317,0.8751367745287224,0.9717846252500553,0.9876974171927752,0.9818424111364947,0.9826957708029216,0.9573899455123986,0.9816740865683242,0.9574552677488491,0.44439150239930686,0.9816740865683242,0.9984304196178302,0.9872980682715913,0.6860956012163534,0.9951751119911724,0.9716191519691257,0.905046417493389,0.8416470106942783,0.8518823105265831,0.9122637401860102,0.9935615630273934,0.957537460974426
power-pop,0.8742804859746466,0.9627506596661047,0.996191255115759,0.991602698220826,0.5352609509364612,0.9643393996069796,0.9015736168200515,0.9034219710411981,0.9510332071220573,0.9601889683025076,0.9651582881022187,0.9253239517325067,0.8739942798413226,0.9340593432986848,0.893377334401562,0.8445230218983728,0.5050330539872456,0.949434018237006,0.6095222532235935,0.9649797103661906,0.9787304455658561,0.9601007868838394,0.945524212098185,0.9663918997670331,0.877313017487755,0.9831603366440416,0.703900965025344,0.9574466058945679,0.9795900800558344,0.9699288772542283,0.9843590751810836,0.9704401414047368,0.9588301063690092,0.9762913646305196,0.927621202629761,0.962601957958562,0.937293290246183,0.9547343232403975,0.9909920650370762,0.9228907538769617,0.9388034657392316,0.9913737835137768,0.886556475160369,0.9852532272780232,0.9902022752325146,0.6841637319351224,0.9703922874994066,0.9979308520188447,0.9917512917001574,0.9759329827290635,0.982823176379265,0.9639141228745457,0.7935687948598673,0.9841260167423125,0.7963173404890663,0.9231395450386601,0.9444276446615687,0.9434114939105609,0.9856138318525485,0.7676955464734082,0.9651558819198298,0.9969051489085572,0.9824882600925342,0.9961117726653721,0.7830508856301769,0.9693897974205786,0.9430870545681775,0.9752696778996763,0.9699407452482085,0.9361855537943493,0.8969870148870532,0.9902393640822762,0.9715282309173752,0.8298529492815417,0.9392376127415707,0.49942531414778996,0.682954126869282,0.9236805995142869,0.9900622816352633,0.7142131496410005,0.9520519216939887,0.9394774346006922,0.9999999999999998,0.9759707203922565,0.9648692103392285,0.99889696481651,0.9988212073294375,0.9562983848305233,0.9698480098526492,0.9696209381420471,0.9877044815341876,0.898914960575523,0.9536545990505255,0.6740605085690767,0.8712182399473819,0.942163189665185,0.9338488900954133,0.9462488937119959,0.8242874360660518,0.8694386175119951,0.9949417396745368,0.459974668978281,0.8694386175119952,0.9339022526702916,0.9794286280695438,0.6870289617429108,0.9671095174582808,0.986857000056872,0.7225312103080359,0.9056546943338469,0.9397093530714907,0.9318060505226371,0.9550758744748735,0.9442279484642351
progressive-house,0.8681445563973728,0.9616915789343574,0.9858248012836508,0.9845913491109617,0.6163572847743735,0.9808955964966068,0.9461028654250224,0.8830448375159381,0.9294871142440035,0.9507651925245806,0.9926872018044746,0.9291785599833321,0.8597954608328604,0.9715134879921572,0.8813717854590088,0.8699606345034302,0.5408533153832598,0.9887844113579278,0.661069684256096,0.944435266331244,0.9740931265428616,0.9486019200531353,0.9698932927651929,0.9934340478876373,0.9428333352365927,0.9742583896520425,0.7271880755339815,0.9902209280260743,0.9932030616635177,0.9927064364066686,0.9892060453080045,0.9755930281126113,0.9903176562937908,0.9796380925761949,0.9154741416447487,0.9174567522746968,0.956514499249673,0.9422856244373161,0.9864548123894323,0.9471564905690857,0.9338266737526046,0.9895501160148548,0.9266474635592488,0.9964928402646991,0.9848080288854677,0.7191830793043504,0.9949115455269388,0.9827187536710298,0.9879756207225637,0.9937453758857191,0.9810238886644378,0.9637434622928058,0.7692350627218191,0.9878760370900066,0.8807023242568994,0.9178091259100907,0.9429494960253619,0.9433541742793117,0.9951377987342525,0.8545469941562592,0.9645049689620651,0.9798511614199386,0.9618640172215309,0.976964895743273,0.7670200897246494,0.9580429323778175,0.9386963657688286,0.9639786867784934,0.9620511933107843,0.9255368496185005,0.8864202072910041,0.9857600224937698,0.9756058229693216,0.9222591311529612,0.9199540515983812,0.5750503487326906,0.685707713913941,0.8760636738985402,0.9594539537269511,0.7597585405369112,0.9436667799986485,0.9224139293172041,0.9759707203922565,0.9999999999999999,0.9483048594363177,0.9806954242960608,0.9793533213793355,0.9309790587843851,0.9480602523042001,0.9502503649572533,0.9710721565348126,0.8630322827580955,0.9171991503973798,0.6554108365658351,0.8929397923397535,0.9042575491310951,0.8981988877680196,0.9038823252608921,0.8130186010580742,0.864846066540871,0.9692730424232462,0.5786026278625469,0.864846066540871,0.9210071524658008,0.9672340026296204,0.7804806240072231,0.9547904752284375,0.980828153145773,0.7050709713513064,0.9696769147623179,0.9872003349942164,0.9663064168126241,0.9562766068542724,0.9600373733160938
psych-rock,0.9669150793643545,0.9855213507736629,0.9740932818972873,0.9782664934221362,0.6844090197652747,0.9772457231217048,0.8408462901412292,0.9833463976279468,0.9952454605514682,0.9892334696441084,0.9338712026149738,0.9869620041082763,0.9593900272026166,0.9333774649225266,0.9747864873537839,0.9484019984166835,0.695106520113105,0.9520762393229356,0.6581328923674205,0.9912266421349156,0.9742100167896748,0.9719840426696531,0.8640264101731377,0.9639769955709467,0.8917513135537537,0.9835482285300972,0.8559249779160454,0.9140823931691102,0.968649454516471,0.9462091632443337,0.9696978063349644,0.9844132453348392,0.9691675347254713,0.9807913372727367,0.9889977123595786,0.9802731052470837,0.9824292183417003,0.9832829008934085,0.9766050821364336,0.9723926243310959,0.973374199780086,0.9738295662434133,0.8089064408820429,0.9699669533372207,0.9426072929632676,0.836275077153229,0.9332921712733663,0.9607570015151967,0.9498422046825752,0.9308731483989967,0.9119084972919835,0.976366670119561,0.9286232598771841,0.9705619391117899,0.857308803388085,0.9853272214991768,0.9920984562617358,0.990274479665303,0.9405409456429863,0.8108763363882538,0.9752977062218225,0.9683309847040128,0.9888792525603644,0.9760751838638706,0.9224592467118884,0.9873787681421425,0.9762821637419428,0.9784210441249546,0.9747508159368077,0.9850399855611732,0.9637226634586102,0.9349217889938533,0.8939876939437368,0.8513063978449016,0.9893687817827534,0.6557946353868461,0.8340194901484925,0.967547764276492,0.9583280518455963,0.8429997789684536,0.9875154426437207,0.9877738543956828,0.9648692103392285,0.9483048594363177,1.0,0.9636504563707675,0.96279190895229,0.9904892982079117,0.9710098209627642,0.9686966625160504,0.9872256675045163,0.9774056243090226,0.9911084032848901,0.8458620519193645,0.9594731641181548,0.9822519903903497,0.979678370931677,0.9733907422003767,0.9388544415597779,0.9633298381788247,0.9743172920813632,0.5637289166906078,0.9633298381788249,0.9889835011506879,0.9889825111352861,0.7961483545465278,0.9937275967116506,0.984933900941275,0.8853634253249664,0.9097631190022432,0.9081803875520248,0.9630432060538932,0.9887949845618973,0.9699604878313067
punk,0.8789561170945774,0.9594025056991865,0.9981746389401704,0.9949147690727721,0.5220633954512729,0.9638605967847895,0.9017617009164252,0.9009446231229252,0.9515290460157275,0.9645242183394901,0.9644490211034091,0.92461872780479,0.8810672530922805,0.9311587700378232,0.8934465992259562,0.848753497986236,0.4928680954916893,0.950130200757175,0.6187836312455082,0.968265658909792,0.9831303116558958,0.9644751401392714,0.9496557916592607,0.9698152932648221,0.8689074858892822,0.9835758794364137,0.6979592308776146,0.9594948423940779,0.9855552995464867,0.978669775772757,0.9895970473829858,0.9759125134854298,0.9622839820546033,0.9820620865884795,0.9308967441948848,0.9635266801340969,0.941477250864378,0.9582909335932667,0.9897413631956954,0.9218143697189836,0.946701640377246,0.9933350447510539,0.8838228660465048,0.9889192257288487,0.9944698071642972,0.6746462593646738,0.9747770856066115,0.9995221381610586,0.9952442737420397,0.9822920222095765,0.9865401944845749,0.9691152015667193,0.7924716088247379,0.9888034415313159,0.7824940732699748,0.9278627908391277,0.948354257625891,0.9480334817211481,0.988193590429788,0.756511373194771,0.96996714847067,0.9986340097456428,0.9852124446696133,0.9979867678761591,0.7843372811033186,0.9732833838687067,0.9458514069596322,0.9783579180194323,0.9740125932962889,0.941290004837169,0.9059889585154488,0.9938574248690926,0.9778478225745124,0.823400123874632,0.9412897322886533,0.48417165544318863,0.6874863175264572,0.9249373703000281,0.9929141318267112,0.7044560919177056,0.9568871836956014,0.9432983933394352,0.99889696481651,0.9806954242960608,0.9636504563707675,1.0,0.9998655122427239,0.9580662267696113,0.9741701895288124,0.9742965114187231,0.9899510632359512,0.8979418043930583,0.9517943075197497,0.6772867362268934,0.8773366966403096,0.9404505909345822,0.9335351249841874,0.9494522275446979,0.8292840476663208,0.8749119175913084,0.9942789527653653,0.44677405010613735,0.8749119175913084,0.9370375239148454,0.9825337566323293,0.6721372591184038,0.9700189344052748,0.9881159036680143,0.7216985294498621,0.9042858218249743,0.9418319133191333,0.9283877465470107,0.9602458836228258,0.9512027544681642
punk-rock,0.8761091427533416,0.9580576767049667,0.9980402359766994,0.994794359622907,0.506822187692326,0.9604119008749941,0.8955418313573805,0.898619550432673,0.9509370131797961,0.9644987130140892,0.961668535427645,0.9209355124501983,0.8790536771959394,0.9281918325632199,0.8927270756037075,0.8454917260394499,0.4813484188037139,0.9460977456724311,0.6190631875776389,0.9679519492584365,0.9836088413276438,0.9650751941569624,0.9467737544796981,0.9686192467463759,0.8616829738499756,0.9840121287837053,0.6881416350653365,0.9559674046994144,0.9845285216094635,0.9769442605361363,0.9895642739231784,0.9756838410154411,0.9600584368002478,0.9815625548762787,0.9291907416943457,0.9642616628872877,0.9394300955845561,0.9584535262904708,0.9881093857167883,0.9169594126272762,0.9456839708973869,0.9922219373958933,0.8777785106525968,0.987948446568927,0.9938292244241405,0.6638201939397085,0.97265517968947,0.9993391538149063,0.9949164872972611,0.9808877599378691,0.9858965312824114,0.9697204337768177,0.7895590264527891,0.9889535215925275,0.7695292256196455,0.9259937302463827,0.9470270654250414,0.9469454460533426,0.9868543789246211,0.7418628803766509,0.96990378286107,0.9984772531965578,0.9850632854857717,0.9979313560385561,0.7797688849940869,0.9732589682644168,0.9466900052002412,0.9790278678807143,0.9748052565412129,0.9405819264961095,0.9040097080823387,0.9930647614426289,0.9768679468888297,0.8144335616434795,0.9415771301113594,0.4695693960261841,0.6786852229304579,0.9260514901489665,0.9942955825833596,0.692263619027364,0.9563133614198692,0.9422127659659134,0.9988212073294375,0.9793533213793355,0.96279190895229,0.9998655122427239,1.0,0.9584116169461339,0.9753409373858225,0.9753683383554279,0.9897444271208083,0.8967659575953763,0.9515277479464341,0.671138132897618,0.8754370836538603,0.940411881044593,0.9343724774817368,0.9508756856851905,0.8251855355175343,0.8722280296433836,0.9952016492494635,0.432056804394798,0.8722280296433836,0.9363788007881274,0.982569081747947,0.6601557502834414,0.9696964960890877,0.9882008827942227,0.7168017391177561,0.8983402346856927,0.9377461823720498,0.9242851288431195,0.9594944105789498,0.9489717773948956
r-n-b,0.9672208454456368,0.9629004889095284,0.9688246596555516,0.976200266382444,0.5273511795351693,0.9360106097332123,0.7660287036939193,0.9719896781812565,0.9977085559894876,0.9946399937626185,0.8900377410252969,0.9562232148201159,0.9677581428743195,0.88297220267749,0.979999789796076,0.9345800237856103,0.580525092624701,0.8994050020420783,0.7735072616843514,0.9956122813751795,0.9799252627953415,0.9866047837344029,0.8304550504239369,0.9460446887252263,0.789930003825706,0.9822677514628506,0.7720038217402574,0.8694585141012561,0.9606883808680695,0.9349306507616799,0.9695170227602461,0.9866644688313738,0.9417891988417297,0.9817869784406137,0.9909233955725911,0.9948731371691135,0.9717323584284135,0.9952179006484493,0.9525197773998901,0.9208947163954019,0.9754090427449553,0.9592760333897772,0.7325881953775593,0.9567668331308365,0.9341842736131305,0.7302768597530951,0.9075899743715115,0.954475053065495,0.9456308742762196,0.9177074934508183,0.8992317721400829,0.9863500089192581,0.929702702467953,0.9711332027132944,0.7043827718376597,0.9888540140454939,0.9912406880771154,0.9916315990989893,0.9206316807737964,0.6527414478929732,0.9856785010260926,0.9660407157536322,0.9917056707541099,0.9738653322656341,0.9188340314830266,0.9946289144951068,0.9873249219059907,0.9863202962584348,0.9844952210397326,0.9941854557570429,0.9727616327799058,0.9247815742521069,0.8838185574525128,0.7365893424615686,0.9957870228547476,0.5002063390235805,0.8033677100275514,0.9855009990731409,0.968769303825413,0.718468257716635,0.9946483545577944,0.9952212039757876,0.9562983848305233,0.9309790587843851,0.9904892982079117,0.9580662267696113,0.9584116169461339,1.0,0.9860289259497796,0.9833681958987393,0.9864518648126235,0.9837926393930035,0.9947310508284306,0.8468008599709222,0.9596139007525307,0.991077624863191,0.9907138286966621,0.9919081035427468,0.9412494463097575,0.9661969140420447,0.9748954931236558,0.4055173171554308,0.9661969140420446,0.9951603341160595,0.993142622295109,0.6513781869179235,0.996845619308041,0.9808292852929793,0.8820909436799887,0.830651206048102,0.8543943455036012,0.9031455279869915,0.9923353361940539,0.9524685686560714
reggae,0.9247494990371941,0.944174513259054,0.9817821881233308,0.9879990561962235,0.4122600304662123,0.9065321650849602,0.753406381969187,0.9221684682863098,0.9789624890048122,0.9820058070986428,0.8923844258348853,0.9088536913312786,0.9271606497304563,0.8713398121354674,0.9510947084640066,0.8854519934952704,0.4419439260090744,0.8751477443032077,0.66969346932141,0.9866705017321938,0.9978281872806345,0.9977491536921377,0.8592890598551235,0.9535883777082427,0.744522797681858,0.9919333173120382,0.6496073748239121,0.8760490572759403,0.9742607268373642,0.9505121384766606,0.9892591655651506,0.9928406804868828,0.933081567718913,0.9899486608370907,0.963419731820963,0.9836032229650682,0.9533507417548255,0.9935242875499134,0.9463840073944112,0.8671783785727638,0.9535614680011785,0.9615072989219774,0.7266582599967268,0.9650909876088971,0.9560741826125947,0.6082864134943846,0.9194446424317253,0.9714482020863507,0.9705069151379269,0.9426873885744347,0.9329527986249306,0.9981966451407558,0.8594906332557684,0.9916060081308467,0.6239487035435012,0.9633286434624795,0.9757511398532521,0.9783277259592564,0.9393009899854818,0.5716502901499797,0.9943241759385055,0.9787079152826732,0.9900399373486505,0.9818349660127859,0.8412880418814337,0.9954825227882478,0.9919904287613721,0.9996744368672714,0.9998433280668595,0.9791756146654244,0.9435583306647896,0.951936906103362,0.9229813367562798,0.6895623241211243,0.9703039648260235,0.382661248263931,0.6907729302437422,0.9499907026495136,0.9892826544629798,0.6017818373763698,0.9879869834314792,0.9762326401057275,0.9698480098526492,0.9480602523042001,0.9710098209627642,0.9741701895288124,0.9753409373858225,0.9860289259497796,1.0,0.9998486011916914,0.9906556172063288,0.9414859227629058,0.9733117497884778,0.7415041451961351,0.9301514365815621,0.9744097295856156,0.9598458322258201,0.9685662055157562,0.8759861772905687,0.9254771419658814,0.9874787408734886,0.3194313210200393,0.9254771419658814,0.9757023790224745,0.9937063227931314,0.5648454949523616,0.9899720210143851,0.9905707966306965,0.7851911318403411,0.7974891092255976,0.8485503444369202,0.8627713034977523,0.9862050607571893,0.9320365416960188
reggaeton,0.9209798340105856,0.9447130230867903,0.9818410598735234,0.9879615008069197,0.41116508086515524,0.9085387797533842,0.7586080420734544,0.918267032587688,0.9763119160298694,0.979487453670139,0.8961497081759271,0.9077223731521007,0.9233806263529707,0.8748382904852551,0.947644920936711,0.8835335392561429,0.4378436788577633,0.8789716108457822,0.6709076454995672,0.9848416535861981,0.9981265118537364,0.9976252591565105,0.8632107592838427,0.9554581212299369,0.7489409614363609,0.9917210585329601,0.6474213138025868,0.8797684878043377,0.9751556970794112,0.952182423173874,0.9899866017302392,0.9924995223008033,0.9352151155176167,0.9898417421452993,0.9605355586512432,0.9812109275993907,0.953206283933129,0.9922516257849185,0.9469958830751742,0.8685424511064759,0.9507953914795243,0.961686344858752,0.7318036078772245,0.9660973191244748,0.9569982905994092,0.6070439890223807,0.9216611941983904,0.9716713648805442,0.9716621896353865,0.9445589285426768,0.934577978538641,0.9979797555651369,0.8533495758002023,0.9923045093079382,0.627648104800407,0.9608134809261504,0.9739362735870604,0.9765277234417065,0.9414439781079734,0.5752033272108951,0.9942925629638313,0.9787236470594634,0.9887975076751421,0.9813095881356146,0.8356627182588754,0.9945543708609907,0.9908986400307046,0.9995584283924404,0.9999161633602038,0.9770561598233414,0.9409747016127394,0.9533502127373734,0.9253178431315399,0.694707771838233,0.9662513123650047,0.3806540606520346,0.6856102691067928,0.9444798501384679,0.9894077454910901,0.6014617162588424,0.9865430213049927,0.973925277704359,0.9696209381420471,0.9502503649572533,0.9686966625160504,0.9742965114187231,0.9753683383554279,0.9833681958987393,0.9998486011916914,1.0,0.9899076331900103,0.9368217322779581,0.9702980900836304,0.7341319027653013,0.9279883223692333,0.9720853099541695,0.9549518539853243,0.9641469783350143,0.8708436277102802,0.9218108309995685,0.9868452325716995,0.31911134341059094,0.9218108309995686,0.973030115951937,0.9926389731346447,0.5673411844225476,0.9883069241872655,0.9903667735868964,0.7787365259307628,0.8025227937570554,0.8529424270104129,0.8655782477495901,0.9849315397395912,0.9309569565821583
rock,0.936568392054451,0.9718960379182362,0.9949785996086484,0.9970878763880222,0.5438856924856912,0.9641574953468377,0.8505324792537456,0.9460382434016823,0.9836544190079671,0.9873903865115602,0.9447263282854531,0.9545130533283624,0.9375277641728113,0.9249880203878289,0.9462884721428834,0.9054055935682822,0.5536560394914068,0.9417231980803056,0.6422901448532292,0.9937971470981972,0.9937975755327875,0.9838037447186652,0.9066663723972235,0.9729351348600423,0.8491271995337925,0.9932431070072577,0.7537925933618397,0.9336222747873039,0.9871853238110103,0.9720418359013855,0.9928318830961197,0.993568153658899,0.9674518084683305,0.9938965194691547,0.9719521595953932,0.9860225529848814,0.968606473257921,0.9849536425501138,0.9825395933491534,0.9365310296233751,0.9717571271880227,0.9874359052379155,0.8232278268597442,0.9855261858319051,0.977446982929738,0.7229909310001162,0.9562227590799236,0.9881189844313835,0.9811154072854518,0.9648741427428491,0.9567517063017514,0.9881822039406298,0.870919658535193,0.9929758050431807,0.7627507497480994,0.9696045781249192,0.9821395245716765,0.9821219578869759,0.968177683949526,0.7208645291953676,0.9842249480491414,0.9922157129123725,0.9987396731279696,0.9958534593913845,0.8626529863345224,0.9943778452345264,0.9757206401749732,0.9931468009145108,0.9902702648901235,0.9790061577578405,0.9539664712250715,0.9730381735351967,0.9457987461782501,0.8013512622534548,0.9750355989772097,0.5086736456921923,0.7586499440072652,0.9559980127139958,0.9900628274241885,0.7336086063460008,0.9875380111628752,0.9800485337547595,0.9877044815341876,0.9710721565348126,0.9872256675045163,0.9899510632359512,0.9897444271208083,0.9864518648126235,0.9906556172063288,0.9899076331900103,1.0,0.9482354153215619,0.979913908728455,0.7708459108071097,0.9304278961562062,0.9728478845062649,0.9634497232954758,0.9735899440648909,0.8939346157320507,0.9340200494240037,0.9928565314580944,0.43347926933866165,0.9340200494240037,0.9767726520840977,0.9972922908984097,0.6798388004530638,0.9940113647225952,0.9963770863002002,0.8087716247425938,0.8883144814189089,0.9170856559985524,0.9326052344099462,0.9872900981167663,0.9650017267161131
rock-n-roll,0.9837174195815428,0.9446961436419925,0.9146419052050133,0.925100072837997,0.6144234184523127,0.9141234682042927,0.7058327526622421,0.9908751115182206,0.989141418033817,0.9697238500503886,0.8244681310943149,0.9628587289769422,0.9801162731116033,0.8407851179462453,0.9875637435183149,0.9519242058389425,0.6939618835401564,0.8671822947271497,0.6887795849146992,0.9749589409530913,0.9288285495629476,0.946780320020697,0.7314533676763398,0.896679554368669,0.7775980001448846,0.9410275239636426,0.8495456259077374,0.7931262225224918,0.9026687926578063,0.8697540013888443,0.9104147752449219,0.9479569897487322,0.9043815469579262,0.9366688981402356,0.99005734751449,0.9757159323196497,0.9536235064255641,0.9680830793218087,0.9116700865891971,0.922669061867759,0.9563857322343492,0.9107131161615749,0.6606187749786072,0.902878770403524,0.861073243140716,0.8138281029171544,0.8349089188325948,0.8910808748415333,0.8700912956628926,0.8354939634038934,0.8045031266911913,0.9435304379518075,0.9769671022458841,0.9126686033005026,0.7396202794195246,0.9855246438893457,0.9782118909254038,0.9766681615534901,0.8469545683058541,0.6842850867795227,0.9427783623020705,0.9125925811014005,0.9600798617509224,0.9257156986114994,0.9673915026432971,0.9646147986226243,0.9591905156268155,0.9428320152744286,0.9397754846008768,0.9818301198832744,0.9733277068575443,0.8445308843879247,0.7824342781994104,0.7277711727359428,0.987819367121071,0.5925153578857898,0.8675684287930316,0.9825313404982213,0.908348083688912,0.79184306767322,0.9738515167665506,0.9866501375707719,0.898914960575523,0.8630322827580955,0.9774056243090226,0.8979418043930583,0.8967659575953763,0.9837926393930035,0.9414859227629058,0.9368217322779581,0.9482354153215619,1.0,0.988964547131421,0.9176860847256815,0.9619951911435297,0.9849511345136444,0.9857621663984929,0.9758423776651228,0.9704274189818953,0.9813123767403369,0.9234643238346056,0.46758861115003136,0.9813123767403369,0.9879623121102848,0.9582456391311116,0.7076365337932689,0.9737493465444745,0.9368828670593559,0.9488081759532211,0.8028891418472723,0.7910923023337895,0.8930106647829987,0.9670369193465022,0.9268663320268802
rockabilly,0.9630064906633325,0.9725945479152247,0.9610583906347128,0.9655621811443384,0.5993643699567673,0.9473551102542341,0.7772545382465961,0.9826058891363569,0.9963505909461032,0.9829163331018287,0.8917375909267112,0.9667113153686706,0.958609094447127,0.8920009440913841,0.9763922497600284,0.9301202932903228,0.6552509569215121,0.9089810198434451,0.673692288112759,0.989304895851131,0.9653438816939519,0.9727832428504529,0.8165443122569928,0.9366489969560563,0.827467126564889,0.9765914468392797,0.8226250560455082,0.8637415617290376,0.9432588879473278,0.9142065171752454,0.9534919225814218,0.9716263327546977,0.9370100836377186,0.9653031619013563,0.9870251062619515,0.9951849765571033,0.9635969820205426,0.9836266118831347,0.9563772279925865,0.9379002904742977,0.9612813594830893,0.9538929444021995,0.7451599099475419,0.9464473935860711,0.9210407375333073,0.7952239440463534,0.8949535167804256,0.9467810466462436,0.9314455385706937,0.897875174156332,0.8822201470092619,0.9697922349016943,0.9384053059415269,0.9558708446772477,0.7704102373148451,0.9823125464499207,0.9826778316508367,0.9809355025898998,0.9116286797449308,0.7152095479129019,0.9705257685417914,0.9612214358623791,0.9862555127941729,0.9681683442548233,0.9269440418819584,0.9850916273362236,0.9733076362743613,0.9754669303317801,0.9713486706291647,0.9840012527191844,0.9604763571915795,0.9118310833917744,0.8621862282970749,0.7732766550914574,0.989631679689934,0.5744766590732457,0.8210585332983982,0.9859837277803735,0.9593484859810648,0.7844203840101487,0.9839463830585504,0.9902890355073317,0.9536545990505255,0.9171991503973798,0.9911084032848901,0.9517943075197497,0.9515277479464341,0.9947310508284306,0.9733117497884778,0.9702980900836304,0.979913908728455,0.988964547131421,1.0,0.8582584562896105,0.9449134635122451,0.9968886547301702,0.9914148775340661,0.9871809059176389,0.938608308359577,0.9590940174852802,0.9704424784315648,0.4601342446514831,0.9590940174852803,0.988107722354576,0.9846905114684377,0.718065152796812,0.9894846355010412,0.9733275331100391,0.8990753722301164,0.850595105604115,0.8543198318510212,0.9230463920748887,0.9788762490718856,0.9395057380781144
romance,0.9459454317743352,0.7901161620983828,0.7094502134146079,0.7311431628838895,0.7804242144607132,0.7829548929563469,0.5342653314151934,0.9208072521875045,0.8670339179172737,0.8385865051043229,0.5977222653169323,0.8878098907069992,0.9362776081360014,0.6474645818827742,0.8981613724519417,0.9248666904740744,0.8613402239821166,0.7221046073440502,0.7297727784046288,0.8357565828774525,0.7272277117434237,0.7672967211140602,0.491132970256585,0.7155389907170178,0.6504861928399772,0.7470488045712879,0.9326585734549611,0.5683921752964236,0.7117412620227015,0.6886824894117316,0.7051798407010701,0.7889890868070688,0.7533627981442312,0.7690369766757936,0.9030766578194953,0.8136577206635254,0.8447865750755279,0.8153929115687816,0.7323685021868456,0.8467390369933716,0.8620913780513901,0.7319636909159559,0.463154247496445,0.7169590962177135,0.6370944214999934,0.8956400982776049,0.6245667631773397,0.6682128508780265,0.6329891306395191,0.6108611359635702,0.5484072951617058,0.764224999913686,0.9682266961285453,0.7045180163453141,0.7368183470222718,0.9001768793265521,0.8699060771363252,0.8667734649409167,0.6197295418027382,0.7142698645510208,0.7723238389128488,0.7078674656146358,0.8012656422829787,0.7337914858993926,0.98255337143544,0.81029671572892,0.8016215045758676,0.7464726650715685,0.7449843948688832,0.8705937048245529,0.9116276232900472,0.6044362581880107,0.5272098377691857,0.6337377629816907,0.8784694899078238,0.7704821633445653,0.9742347114782324,0.866978417887424,0.6784221289830215,0.8769624586445736,0.8433319754953525,0.8751367745287224,0.6740605085690767,0.6554108365658351,0.8458620519193645,0.6772867362268934,0.671138132897618,0.8468008599709222,0.7415041451961351,0.7341319027653013,0.7708459108071097,0.9176860847256815,0.8582584562896105,1.0,0.9076691178634737,0.8388347777781446,0.866997399256108,0.8420734156539216,0.9721670367122031,0.9429192336816823,0.7014690384825113,0.6367403694287793,0.9429192336816823,0.878288543825149,0.7926511800944864,0.7533375508183711,0.8345798178444416,0.7437647030079422,0.9854182661126485,0.6645660681725317,0.5954276006095551,0.7710115412860696,0.837700794744346,0.8343188805957986
sad,0.984761310611066,0.9466556789544978,0.901995617956995,0.918959339451416,0.7572002354814784,0.9394546296526967,0.7513441720726157,0.9678764678030697,0.9666158847919285,0.9619212826328801,0.8679059370450619,0.9749264242664417,0.9755749699607938,0.8993314338833123,0.9848668845371894,0.9956609986097915,0.7734282925394418,0.9202459280590275,0.7699339185474476,0.9553221488966351,0.9309394392097705,0.9454893616643485,0.7585067785503323,0.9304934774119671,0.8739408634175169,0.9321493064345283,0.912926103884895,0.839980224309107,0.9232308460211405,0.896178983995954,0.9189678086933069,0.957246456921842,0.9448005497295926,0.9472797146367007,0.9804688387590359,0.9279647743509594,0.9840335209984861,0.963759430902922,0.9058604207916038,0.966578856614044,0.9502278385586755,0.9068777143013711,0.7033051681788907,0.916821612572011,0.8556627471400429,0.8940792329308676,0.8654881795993552,0.8746077605327807,0.8717985039337028,0.8583825303543229,0.8068420872096863,0.951545198035031,0.9572852965943822,0.9202552596938134,0.8682526733616891,0.9844046355082614,0.9813878526893174,0.9819186176201551,0.8602009407186075,0.8038295546488894,0.949445390125047,0.8890579086527871,0.9380616735985572,0.9025931960830753,0.9620630412225547,0.9561473918622397,0.9654129289630367,0.9358534301902337,0.9382349472366169,0.97821914973429,0.9728702069246027,0.841973442290723,0.7904738889867853,0.8515478001708396,0.9659060300897895,0.728024537772581,0.8813236464535009,0.9262313977597582,0.8843432441812855,0.8872616917866396,0.9714153275917363,0.9717846252500553,0.8712182399473819,0.8929397923397535,0.9594731641181548,0.8773366966403096,0.8754370836538603,0.9596139007525307,0.9301514365815621,0.9279883223692333,0.9304278961562062,0.9619951911435297,0.9449134635122451,0.9076691178634737,1.0,0.9402483564250926,0.9406283016161382,0.9296155714112104,0.9703781039253565,0.9873708271820374,0.8950712194147121,0.604241198334905,0.9873708271820374,0.9789348075009653,0.945639199148812,0.8516145395453347,0.9628294639247765,0.9310593031698082,0.9372809895802133,0.8883791914160342,0.852314438160255,0.9448493820194965,0.9747616003719055,0.942896143075246
salsa,0.9552981293886236,0.9686524322321117,0.9508971392545417,0.956362744870906,0.5561526121770561,0.9318732163134306,0.7454088510951322,0.9749982548223595,0.9924720334939718,0.9736819215721779,0.8780814294591459,0.9533624002303884,0.9500458587009384,0.8839194226361177,0.976783607240373,0.9222756997280364,0.6196053099190922,0.8910062393309011,0.6776061383193814,0.9840306611284431,0.9631342529074213,0.9750110933912813,0.7953826039211856,0.9293901229628629,0.8068909024983113,0.9744914062810028,0.7941904732858904,0.8439596091952353,0.9306155982358751,0.8964633859053316,0.9468830261503907,0.9667267137443889,0.9252214067732055,0.9569004426977106,0.9812604083588625,0.9941149523750363,0.9566143134116772,0.9833670236337755,0.9424113783010128,0.9198856596123652,0.9458956979992434,0.9385180918711435,0.716810928454976,0.9334259904855129,0.9049466918241931,0.768493316479459,0.8753239411227633,0.9343331214310633,0.9198304013005876,0.880515611024673,0.8658610980349735,0.9693461480690186,0.9317811119168048,0.9507646514985704,0.7373516844674559,0.9775107456737686,0.977205408528281,0.9759045119222207,0.8961159143981079,0.6736873080471109,0.969039796035688,0.9524558751109966,0.9795916318788915,0.9576684047788666,0.9155133771577411,0.9829548043191715,0.9760704346661087,0.9758228230567393,0.9726895522558394,0.9811750839313098,0.9524287387654693,0.8969702748236639,0.8451918791275449,0.7478612319249867,0.982449877655587,0.5305803243040088,0.7898645265790867,0.9800187282959996,0.9550843140402616,0.7501909220140679,0.9815177254223059,0.9876974171927752,0.942163189665185,0.9042575491310951,0.9822519903903497,0.9404505909345822,0.940411881044593,0.991077624863191,0.9744097295856156,0.9720853099541695,0.9728478845062649,0.9849511345136444,0.9968886547301702,0.8388347777781446,0.9402483564250926,1.0,0.985922989907809,0.9807410305939303,0.9238687084428014,0.9519476372611055,0.9639825550372201,0.41839266216012205,0.9519476372611055,0.9849087542202277,0.9793328432420362,0.6916649439538586,0.9845147232717291,0.9681948971183133,0.8887406951118529,0.8299775843600594,0.8324085927078466,0.9090906692041718,0.9733856722129337,0.9177967748127234
samba,0.956465797799566,0.9520043982069856,0.9446524114124868,0.950523757314786,0.5589065358460197,0.9252002906102905,0.7509253929882749,0.9754597593025433,0.9870786077241893,0.983810719579404,0.8621359734775768,0.9511418642565521,0.9589159254919701,0.8561127955681924,0.967737442548722,0.9232257851209007,0.626339423065746,0.8831224429503857,0.7738955550533486,0.9777999034378089,0.948637970801218,0.9600433162357462,0.7964732859491985,0.9157149555390843,0.7809219293607127,0.9589925732722671,0.7984643245009377,0.836289372637026,0.9279322191833623,0.9013144780568364,0.9381820552448024,0.9600696476199538,0.9179735053957323,0.9529531122795882,0.9805432914464071,0.9887750334534493,0.952620925616642,0.9748278856512083,0.9365164116264271,0.9181487432659777,0.9665793899915152,0.9398209625167541,0.7184542994876748,0.9315560419245088,0.9046290866451134,0.7600062586835368,0.8774910757497183,0.9296153553504239,0.9154380074094061,0.8827247617114065,0.8656172552538544,0.958939581624688,0.9354286596582966,0.9399086247855428,0.7202554561483849,0.9764761672652174,0.9723511051472626,0.9716586016714135,0.8913162368003718,0.67509899648091,0.9615204265975308,0.9453875633081044,0.9736564014350244,0.9538279668972851,0.9248965567535452,0.9733207506217776,0.9610304511586807,0.9599066160181161,0.9562173947192383,0.9765366559060569,0.9566946163326705,0.892145519640402,0.8466989508273384,0.725452110446194,0.9935427158624965,0.5393274185992769,0.8273631285064125,0.9985545055411071,0.9454580226633573,0.7444900413675531,0.9722358542684346,0.9818424111364947,0.9338488900954133,0.8981988877680196,0.979678370931677,0.9335351249841874,0.9343724774817368,0.9907138286966621,0.9598458322258201,0.9549518539853243,0.9634497232954758,0.9857621663984929,0.9914148775340661,0.866997399256108,0.9406283016161382,0.985922989907809,1.0,0.9965246351889205,0.9453625554724774,0.9533811565802124,0.9559961018331418,0.4453371434838467,0.9533811565802124,0.9814416259482359,0.9757861035662738,0.6714471217280652,0.9788342186803318,0.9553657573103587,0.903394403888698,0.8128242572378551,0.8270962982096817,0.8949076474516475,0.9707304912302049,0.938396215324055
sertanejo,0.9512331700790335,0.9176301772699123,0.9582191239009508,0.9639703917321271,0.4432273035119933,0.8803929560347674,0.709334069941623,0.9519876707645313,0.9846880788868997,0.9910092815990038,0.8316948532126827,0.9119361337018916,0.958807131342436,0.8033622385738515,0.9562015877440629,0.8914245668041948,0.501228713695183,0.8313311109428393,0.7080570926686085,0.9837367572725648,0.961414272955128,0.9647631140660647,0.8065589854243724,0.9073333929166465,0.6854985790223974,0.9630874757568704,0.6855257907163792,0.8194735108350785,0.941462299780469,0.9210143436427064,0.9551552909596421,0.970693654571522,0.8949371616028763,0.9656754091888865,0.9789017301706266,0.9914046652486055,0.9366256535081183,0.9775963656976302,0.9234563088624443,0.852592450575457,0.9791827761522061,0.9440621756113705,0.6779037932593913,0.9357299294000769,0.9278738032472132,0.633304443424107,0.8799906077420412,0.9462597195460429,0.9330151315040982,0.9045572752080422,0.8932015074257698,0.968206595709519,0.9130356833751978,0.9558478701692084,0.6006584285801512,0.9756784207875164,0.9732902893014055,0.9747814381602681,0.8973378016365281,0.5657662471291811,0.9666971784785158,0.9598811594120444,0.9819134247091635,0.9670194239068736,0.8999832722746691,0.9798054616955356,0.9625961841192014,0.9688012943442642,0.9652526476461112,0.9789778456460468,0.9614263155507738,0.9152562025149464,0.8797871068940675,0.6311342307970451,0.9944201502875181,0.4244107073596899,0.7802605851510682,0.9965640931753914,0.9603479627029572,0.618144684410183,0.9771153359886063,0.9826957708029216,0.9462488937119959,0.9038823252608921,0.9733907422003767,0.9494522275446979,0.9508756856851905,0.9919081035427468,0.9685662055157562,0.9641469783350143,0.9735899440648909,0.9758423776651228,0.9871809059176389,0.8420734156539216,0.9296155714112104,0.9807410305939303,0.9965246351889205,1.0,0.934281161799597,0.9494798217438454,0.9666336754230729,0.3638125361343789,0.9494798217438456,0.9815106368462801,0.9841126067172007,0.5506142705632529,0.9838643606567741,0.9625046587995432,0.8652524715415948,0.7393132700494983,0.7929803230570631,0.8241218931205496,0.9764821553684302,0.9428451903079441
show-tunes,0.9873630498220236,0.8972785180828435,0.8530389190955451,0.8702261329983193,0.7490734684424954,0.8961700871319134,0.6931341397260329,0.97076737464165,0.9506928713750233,0.9421129313586913,0.7653141483269541,0.9587073662554783,0.9845753442552694,0.7898326344242599,0.9605265524399518,0.9722300614238701,0.807623972042097,0.8524310183649377,0.8277077758822002,0.9338054456496063,0.8673981335766128,0.8927000235840976,0.6738871990661558,0.8516962446348075,0.7705435645717055,0.8743543861539196,0.9253518708104813,0.7432992464505526,0.8605568105370696,0.8400004072738341,0.8534622915857644,0.9089072415278305,0.8796300196479081,0.898792738923359,0.9728232684124722,0.9149549235500762,0.9415081635341231,0.9246966307041595,0.8648436551667567,0.9326413553788389,0.9501842844908697,0.8680098905314844,0.6297548071411281,0.8587811102925151,0.8006261784360511,0.8875583327151306,0.7922651358971982,0.8235012076748692,0.8027770204921745,0.7848419184002584,0.7285179478697503,0.893104783924308,0.9768781457258866,0.8521708205131802,0.8032963507199777,0.9720405500937433,0.9562588557860445,0.9548694038772976,0.7875577771360964,0.7741245862667205,0.8996551125527885,0.8491428427097205,0.9124827485190385,0.8679751883152995,0.9896860958255349,0.920022685697551,0.9100576861465739,0.8789453767453987,0.8780566291165577,0.9567254392142835,0.9743527242309609,0.7759479430242275,0.7127069945525335,0.7446451999904142,0.9587700413670732,0.7293898234526046,0.9499628661013371,0.9433475545247011,0.8289189922107774,0.8780381900631054,0.9411306964049055,0.9573899455123986,0.8242874360660518,0.8130186010580742,0.9388544415597779,0.8292840476663208,0.8251855355175343,0.9412494463097575,0.8759861772905687,0.8708436277102802,0.8939346157320507,0.9704274189818953,0.938608308359577,0.9721670367122031,0.9703781039253565,0.9238687084428014,0.9453625554724774,0.934281161799597,1.0,0.9878422197722065,0.8456607928046651,0.611711459029946,0.9878422197722065,0.9595087198876541,0.9110255077454664,0.782126370338279,0.9349655275288086,0.8750417235298056,0.9770201407654334,0.7949645842519131,0.7576437583661428,0.8801011881363022,0.9409410635943987,0.9309294392862777
singer-songwriter,0.9995538891130387,0.9282652167991002,0.8978423842000917,0.9134294489343344,0.690969732934777,0.9187753668760945,0.7164897524251478,0.9795351010172759,0.9739822956416271,0.9636745371922935,0.8217151268404967,0.9709879547928097,0.9981162504421529,0.8438510203244698,0.9826953403946983,0.9817683122293669,0.7462728906177558,0.882670036640931,0.6882354453263415,0.966709462899114,0.9188600164847244,0.9343083388102634,0.724763593892854,0.900796743947359,0.8002972138481974,0.9210485856660972,0.8924499330828726,0.7978095584734352,0.9063797776035425,0.8820001885525719,0.9046710508000947,0.9484966218948168,0.9165852230214184,0.9380062951961685,0.990214328604208,0.9456978763769283,0.9659951295981211,0.9579995603635063,0.8966999196961511,0.9411980903895848,0.9653960238468136,0.9008648198039597,0.6581761881974673,0.9006832988071115,0.8491231455576294,0.8581425876795129,0.8378796511259665,0.8697467796666651,0.8532491409012043,0.8354040620615601,0.7865109772439756,0.9377097269315826,0.9785664266533025,0.9046897789173816,0.7874970901574605,0.9903218436904733,0.9824525570842373,0.9822308006458194,0.8376298571959795,0.7359383910090599,0.9337371182692085,0.8893729387823497,0.9455452652568415,0.9056742512446908,0.9815206500770001,0.9553921261099891,0.950652104030356,0.9271016898855127,0.9269457490374713,0.9832804657685486,0.994026519097014,0.8296301620752237,0.7697144104472711,0.7684245026651111,0.9748188833540277,0.6629610281403158,0.9084657758214916,0.9500888506055996,0.8806822885492881,0.8455308293509889,0.9732925232904536,0.9816740865683242,0.8694386175119951,0.864846066540871,0.9633298381788247,0.8749119175913084,0.8722280296433836,0.9661969140420447,0.9254771419658814,0.9218108309995685,0.9340200494240037,0.9813123767403369,0.9590940174852802,0.9429192336816823,0.9873708271820374,0.9519476372611055,0.9533811565802124,0.9494798217438454,0.9878422197722065,1.0,0.8910932082066951,0.530906016395185,1.0,0.9847934308669717,0.9448518200413405,0.7609667200715564,0.9656637679955202,0.922199519366879,0.9574217081620284,0.8300842052602575,0.804658181407568,0.9052020037376098,0.9702212024770305,0.9457644077056537
ska,0.8947434942021304,0.9711962706332662,0.9949985236735066,0.9934834221261104,0.5076576609159458,0.9584681171640628,0.8599947902821294,0.921173709042279,0.9677980778050186,0.973050915891114,0.9531684861265677,0.9309358326982918,0.8955310765706741,0.931103794886825,0.9213611519936924,0.8659328266588826,0.503404373611694,0.9383881760833102,0.6356481805055894,0.9777195846531381,0.9893589998797744,0.979335071270578,0.9166911698711377,0.9684565814202328,0.8577899571572009,0.9934810466869586,0.7078162113257599,0.937070821479645,0.9779724000263879,0.9601604298170419,0.9880789480665637,0.9808193484387212,0.9582349191644828,0.9824234870014912,0.9447127112986613,0.9806221058793295,0.9490013716725954,0.9741402917137538,0.9839068119641728,0.9207569911930024,0.9459205804269522,0.9849185971453146,0.8437534896757672,0.9817954923818266,0.9788466087787016,0.6845178875531956,0.9560283848392862,0.9921963694141966,0.9868738791172524,0.9634059856411915,0.9662057402341824,0.9806462572674881,0.8249173859449075,0.9895726594320788,0.7613787066842046,0.9409689705573814,0.9585722012532489,0.9585051538605397,0.9734301645780972,0.7185874511514135,0.9802028369096336,0.9950575985882332,0.9903764620419172,0.9955829667219891,0.809422376143307,0.9832925540584385,0.9666340914543159,0.9896416196407087,0.9861722931201986,0.9555949416777925,0.9144966365569307,0.9775737984738323,0.9528148243679662,0.8037973506233744,0.9586891251847118,0.4740634195681477,0.6916293804711805,0.9472409077175458,0.9976582457794686,0.7005878131755305,0.9683163134456498,0.9574552677488491,0.9949417396745368,0.9692730424232462,0.9743172920813632,0.9942789527653653,0.9952016492494635,0.9748954931236558,0.9874787408734886,0.9868452325716995,0.9928565314580944,0.9234643238346056,0.9704424784315648,0.7014690384825113,0.8950712194147121,0.9639825550372201,0.9559961018331418,0.9666336754230729,0.8456607928046651,0.8910932082066951,1.0,0.4162551074162507,0.8910932082066949,0.9539445979535975,0.9896492285592664,0.6683924334373924,0.9800044800651713,0.9935291030643568,0.7538210574035402,0.8881570471747555,0.9191914621069911,0.9283644527481316,0.9686221429861744,0.9402815705343024
sleep,0.5654921728170395,0.5902638609796459,0.47714896918963,0.4648338888673335,0.9305128113197508,0.6527607338478942,0.6662329195160643,0.627056100949106,0.49118849948755705,0.476661394385658,0.580696857508082,0.6763567163103161,0.4229528248133019,0.6031209396278289,0.5213439911613308,0.6685707079603062,0.8955406056850184,0.6731994296218472,0.3347256879869366,0.4037383286179895,0.40069479848143397,0.36366552261375096,0.5389734980185801,0.5945252444818598,0.7148593133259971,0.49222427903729404,0.8287269842338302,0.5894797593579979,0.5296822959328358,0.5487864384222056,0.4782838021048018,0.49171791253163966,0.6293804356606042,0.4785679330949848,0.5306355893152437,0.34181725817475983,0.6214043489932843,0.4089684527405941,0.582158566455123,0.712531303610654,0.4638875489761186,0.5614744876245192,0.6320417301679434,0.5636975393359887,0.4568634835967886,0.8339982035008853,0.5935908440842329,0.4546745814121619,0.4685374866338471,0.5440504861210227,0.457924929487426,0.4115431595472898,0.5853108283457731,0.47950576299769243,0.8468456594006413,0.5417533707777298,0.5423067043533621,0.5249980334967441,0.541996482009746,0.9029999756317755,0.47452201983113534,0.462251624369473,0.416091768424027,0.4394123579377977,0.6360120904532005,0.4221744354407254,0.42416304179580333,0.3920449507849082,0.3779295479989768,0.42431392064022955,0.40713695638703057,0.4634496752319429,0.4411590207352756,0.7524742502954815,0.4717803434792637,0.9496746383789199,0.7951617826561781,0.37952885645104334,0.31786392530323737,0.8618249442682948,0.4306329640272,0.44439150239930686,0.459974668978281,0.5786026278625469,0.5637289166906078,0.44677405010613735,0.432056804394798,0.4055173171554308,0.3194313210200393,0.31911134341059094,0.43347926933866165,0.46758861115003136,0.4601342446514831,0.6367403694287793,0.604241198334905,0.41839266216012205,0.4453371434838467,0.3638125361343789,0.611711459029946,0.530906016395185,0.4162551074162507,1.0,0.530906016395185,0.46482132422413047,0.4564770367214067,0.8471753340043598,0.4689268909153772,0.4990376212102834,0.6842392649326938,0.7006314482868867,0.6406721450307574,0.6867944323256088,0.507310945397484,0.6439961475910525
songwriter,0.9995538891130387,0.9282652167991003,0.8978423842000917,0.9134294489343344,0.690969732934777,0.9187753668760946,0.7164897524251478,0.9795351010172761,0.9739822956416271,0.9636745371922936,0.821715126840497,0.9709879547928097,0.998116250442153,0.8438510203244699,0.9826953403946983,0.9817683122293668,0.7462728906177558,0.882670036640931,0.6882354453263415,0.966709462899114,0.9188600164847245,0.9343083388102633,0.724763593892854,0.900796743947359,0.8002972138481975,0.9210485856660972,0.8924499330828726,0.797809558473435,0.9063797776035425,0.8820001885525719,0.9046710508000946,0.9484966218948168,0.9165852230214184,0.9380062951961684,0.9902143286042078,0.9456978763769284,0.9659951295981211,0.9579995603635062,0.8966999196961509,0.9411980903895849,0.9653960238468134,0.9008648198039596,0.6581761881974673,0.9006832988071114,0.8491231455576296,0.8581425876795128,0.8378796511259664,0.8697467796666652,0.8532491409012042,0.8354040620615603,0.7865109772439756,0.9377097269315826,0.9785664266533025,0.9046897789173816,0.7874970901574605,0.990321843690473,0.9824525570842374,0.9822308006458194,0.8376298571959793,0.7359383910090599,0.9337371182692085,0.8893729387823496,0.9455452652568415,0.9056742512446907,0.981520650077,0.9553921261099891,0.9506521040303559,0.9271016898855127,0.9269457490374714,0.9832804657685486,0.994026519097014,0.8296301620752238,0.769714410447271,0.768424502665111,0.9748188833540277,0.6629610281403158,0.9084657758214916,0.9500888506055994,0.8806822885492881,0.8455308293509889,0.9732925232904535,0.9816740865683242,0.8694386175119952,0.864846066540871,0.9633298381788249,0.8749119175913084,0.8722280296433836,0.9661969140420446,0.9254771419658814,0.9218108309995686,0.9340200494240037,0.9813123767403369,0.9590940174852803,0.9429192336816823,0.9873708271820374,0.9519476372611055,0.9533811565802124,0.9494798217438456,0.9878422197722065,1.0,0.8910932082066949,0.530906016395185,1.0,0.9847934308669715,0.9448518200413405,0.7609667200715564,0.9656637679955202,0.922199519366879,0.9574217081620284,0.8300842052602576,0.804658181407568,0.9052020037376098,0.9702212024770305,0.945764407705654
soul,0.9850598416341771,0.9640355346400873,0.9528593316928822,0.9633750346549876,0.603983925095586,0.9446468695454693,0.7681790452821372,0.9809792340210735,0.9969391910674812,0.9905030000981481,0.8847422158141502,0.9727635395525978,0.9846107720190256,0.8908292169270312,0.9894448789527955,0.9621417736540181,0.651156262103258,0.912386542714782,0.6835939760001803,0.9937249772066046,0.9697994645056416,0.9782318956190073,0.8081204716053783,0.944705788748008,0.8212640462616045,0.9712696130000671,0.829340982641354,0.8617967151525217,0.9524484735966353,0.9265053917446644,0.9578804776772283,0.9834843570379741,0.9478574085763944,0.9757920420030934,0.99759398134097,0.9841528189339015,0.9810985634051452,0.9910885742833808,0.9433675745900099,0.9442873202114248,0.977650762080438,0.9474800362796445,0.7266098828893939,0.948095731563576,0.9130071421915643,0.7946213785072416,0.8954511703052588,0.9332009355367703,0.9229367769759027,0.900025057419741,0.8699346237740286,0.9801147276475801,0.9510441932347753,0.9591475726215413,0.7627211288207323,0.9968996891091415,0.9971366393692065,0.9973463418361146,0.9031597870849255,0.7087473951946572,0.9754921711665769,0.9466579255036215,0.9830554606102466,0.9571983920221007,0.9443190009486857,0.9901023522306107,0.9848690079948927,0.9763687746944678,0.9754233154786458,0.9989837507288943,0.987745157800384,0.9010604166170693,0.8547654215039502,0.7770878647838512,0.9943647338909378,0.5739849695149147,0.8417366222700613,0.9761074140625422,0.9470294292365095,0.7844024493015556,0.9964704198256763,0.9984304196178302,0.9339022526702916,0.9210071524658008,0.9889835011506879,0.9370375239148454,0.9363788007881274,0.9951603341160595,0.9757023790224745,0.973030115951937,0.9767726520840977,0.9879623121102848,0.988107722354576,0.878288543825149,0.9789348075009653,0.9849087542202277,0.9814416259482359,0.9815106368462801,0.9595087198876541,0.9847934308669717,0.9539445979535975,0.46482132422413047,0.9847934308669715,1.0000000000000002,0.9843616293943442,0.7153138850313445,0.994214464108879,0.9706668695945475,0.9097602688853439,0.855283979161317,0.8566968498136895,0.9241638680100155,0.9935003674250502,0.957648404565233
spanish,0.9465203635412884,0.9768858150747436,0.9899408903106254,0.9943650497590888,0.5681370216130235,0.9682108971140938,0.8444904100574001,0.9547154212957742,0.9892205173049462,0.9943394140840245,0.9415563989027977,0.9615130125972383,0.9477815872129705,0.9269294547601511,0.9576126784835532,0.9219035973576923,0.5804964275846544,0.9456739138263464,0.6743653845252437,0.9952902685366583,0.9938709461558043,0.9910582065294553,0.8950354445696822,0.9733583165521138,0.857176232563859,0.9931760640690601,0.7763787598085483,0.9266336359733045,0.9850237967168709,0.9677785777617245,0.990815379275168,0.9963118533040594,0.9706435021449125,0.9952443727011513,0.9796748964574945,0.9905982291042372,0.9784719259410815,0.9930237325738139,0.9793448185064715,0.9471230359311568,0.9768484391400041,0.9839310528388504,0.8166950578479792,0.9836198991955356,0.9679958435774135,0.7472451851668811,0.9510493533206819,0.980841014860599,0.9769384410075796,0.9581109584798904,0.9447575415557443,0.993610736386181,0.8858671309639807,0.9912568792098563,0.7806217133935731,0.9791067103312001,0.987815140753697,0.9881757633341076,0.9612749009835877,0.7376617052768459,0.9931750528152574,0.987572528880924,0.9987782456077348,0.9916001481175218,0.8791160566352718,0.9983331611293796,0.9834212113269989,0.9951561252691203,0.9933122729343875,0.9868987104642789,0.9618936260196187,0.9626353468273268,0.9338778076706065,0.811240080904648,0.9841563678480685,0.534008736406731,0.7780096973090014,0.9693132863955496,0.9876722307771919,0.7542399516231317,0.9930587415471868,0.9872980682715913,0.9794286280695438,0.9672340026296204,0.9889825111352861,0.9825337566323293,0.982569081747947,0.993142622295109,0.9937063227931314,0.9926389731346447,0.9972922908984097,0.9582456391311116,0.9846905114684377,0.7926511800944864,0.945639199148812,0.9793328432420362,0.9757861035662738,0.9841126067172007,0.9110255077454664,0.9448518200413405,0.9896492285592664,0.4564770367214067,0.9448518200413405,0.9843616293943442,1.0,0.7038924195414968,0.9973670336310831,0.994295319427027,0.8318094738371762,0.8931427318986305,0.9144083276255062,0.940349489902724,0.9935684448951185,0.9664953862678569
study,0.7902992289735706,0.8504783550963639,0.7070110452297887,0.7031673876607722,0.9421383731114844,0.8572786101154284,0.7383463324975645,0.8444723656629509,0.7448329722556601,0.7004381472876213,0.8071707229983618,0.87583764252108,0.6235190177840857,0.8732496324819828,0.8018768020267579,0.8937297235111628,0.9119606939764753,0.8657472511613489,0.46371280590674646,0.6456689216800922,0.6672206580695847,0.6304262946428898,0.6738077662030206,0.8312822665050064,0.9254630633168094,0.7620827869557917,0.9428615305678616,0.7742899630793513,0.7499736886909483,0.732889335602449,0.7196450883362999,0.7472008511757757,0.850099961933364,0.7230386204742256,0.7662064174822005,0.5610072679906435,0.852894927673358,0.6716961725342714,0.7859422920635373,0.9023568378083607,0.6502239899960418,0.7546047980402633,0.7135229250604629,0.7717740711156902,0.6556894344561486,0.9658368671803543,0.7608372741097729,0.6714425935971181,0.6851748056524625,0.7137445614914255,0.6439083520415765,0.6835446272679297,0.8035108247470144,0.7261713870348181,0.9744544897423144,0.7765571356453458,0.7866397196021869,0.7731529514978561,0.737145012515218,0.920459627422531,0.7368172028665845,0.6865918970079221,0.6609065477817901,0.6712020284505367,0.8216809482115615,0.6809182023395265,0.7256191068799334,0.6660436151394785,0.655603197039365,0.6694177402251721,0.6050143861638972,0.661868159018067,0.6073417597453047,0.9349657257260305,0.7059059988198269,0.9282270232548568,0.8246740536432838,0.5620974710418578,0.5383394620984112,0.9689491505726024,0.6845111164039939,0.6860956012163534,0.6870289617429108,0.7804806240072231,0.7961483545465278,0.6721372591184038,0.6601557502834414,0.6513781869179235,0.5648454949523616,0.5673411844225476,0.6798388004530638,0.7076365337932689,0.718065152796812,0.7533375508183711,0.8516145395453347,0.6916649439538586,0.6714471217280652,0.5506142705632529,0.782126370338279,0.7609667200715564,0.6683924334373924,0.8471753340043598,0.7609667200715564,0.7153138850313445,0.7038924195414968,1.0,0.7201502326344287,0.7551805111781904,0.8388451220940323,0.8975672606075475,0.8150479724937669,0.9089811307867058,0.7532354587932001,0.7960467508792373
swedish,0.9670901216274326,0.9764659170394963,0.9805217625779201,0.9868825996118458,0.5982628775786274,0.9648102394476498,0.8211414378919826,0.9701205573024012,0.995946321218597,0.9955360196090361,0.9263967864437277,0.9720435864294454,0.9669158008846248,0.9199862230063682,0.974346721664374,0.9430491121274077,0.6234724885965752,0.9390890334975446,0.6712778539181838,0.9990258905718795,0.9885164314093164,0.9885119112596766,0.8666254964042384,0.9673912033237742,0.8525472530510587,0.9888879230660037,0.8093150640460801,0.908724761321881,0.9774114990229815,0.9569613058038835,0.9824910417779671,0.9951314156779913,0.967144745191912,0.9917936454631713,0.9908099173416169,0.9910857104865549,0.983523545809829,0.9949944363073748,0.9707297748620431,0.9524792367920734,0.9803888335509168,0.9746751600484557,0.7868107724216048,0.9748069077366297,0.9521558199968461,0.7788159374929973,0.9353767091315799,0.9674670500676624,0.960462402587477,0.9409888257271422,0.9211410158880866,0.9913518766185893,0.9180739917815697,0.9831732807673237,0.7849148204757918,0.9898150665059104,0.9956971538244852,0.9958074305931366,0.9444650915404462,0.7361833908858739,0.9885620711952049,0.9760649728019319,0.9967069907475845,0.9827255634305876,0.9117343767151311,0.998448171760082,0.9870281055330448,0.9914112722313642,0.9896883745781169,0.995098238455754,0.9764453717319876,0.9443996100013372,0.9081095031050579,0.8078333601398403,0.9907004944140588,0.5656499818012066,0.8120535800010593,0.9723300045385846,0.975685162269649,0.7801216016641819,0.9980076978928772,0.9951751119911724,0.9671095174582808,0.9547904752284375,0.9937275967116506,0.9700189344052748,0.9696964960890877,0.996845619308041,0.9899720210143851,0.9883069241872655,0.9940113647225952,0.9737493465444745,0.9894846355010412,0.8345798178444416,0.9628294639247765,0.9845147232717291,0.9788342186803318,0.9838643606567741,0.9349655275288086,0.9656637679955202,0.9800044800651713,0.4689268909153772,0.9656637679955202,0.994214464108879,0.9973670336310831,0.7201502326344287,1.0,0.9899701262684906,0.8685622852399525,0.8865623682250799,0.8991566203111534,0.94085556170627,0.9970674510739299,0.9677060969216134
synth-pop,0.9249181564793569,0.9855024479248038,0.9946531914751162,0.996254096540911,0.6026352826354135,0.9780981281978876,0.8738463837456742,0.9409684610441016,0.9783208256651799,0.9811586588843615,0.9686780114637947,0.957870996570379,0.9226173549559383,0.9591788793519104,0.9451644812213155,0.9090553385337612,0.5800923981596664,0.9656799153463455,0.6326812122703491,0.9866864427042776,0.9958111017860547,0.9846795892630482,0.9157503840497774,0.9872336493970306,0.9060540917916711,0.9986830673326157,0.7710740887741551,0.9515812301963333,0.9891080515841093,0.9717950146525036,0.9950240811044638,0.9938817627269385,0.9818785759625761,0.9926070896820448,0.9632055260879322,0.978257915617145,0.9738374025913661,0.9829933832456592,0.9878995792190484,0.9532630763222122,0.9588346854066938,0.987797965901027,0.8497660833442569,0.990884075526432,0.9747479768432286,0.7562404601742878,0.964652646302359,0.9865187802522928,0.9825943409995606,0.9674766445731531,0.9578648477679754,0.990242923814437,0.858343886477418,0.996196903162207,0.8353206646946572,0.9617090740658695,0.9781372264729467,0.9781234554747283,0.975470072687981,0.7852146033479777,0.9850821391669338,0.9897194931195409,0.9930886960753504,0.9918389724173682,0.8469627921866658,0.9917794758182551,0.9798761824112541,0.9948607221010379,0.992709716108749,0.9723476267564402,0.9394112165338024,0.9724534723073552,0.9447171969874437,0.8654815465588822,0.9681853702922936,0.5660559779484527,0.7378001720299899,0.9435820266816738,0.9894711335210915,0.7745095422076267,0.9828058449292547,0.9716191519691257,0.986857000056872,0.980828153145773,0.984933900941275,0.9881159036680143,0.9882008827942227,0.9808292852929793,0.9905707966306965,0.9903667735868964,0.9963770863002002,0.9368828670593559,0.9733275331100391,0.7437647030079422,0.9310593031698082,0.9681948971183133,0.9553657573103587,0.9625046587995432,0.8750417235298056,0.922199519366879,0.9935291030643568,0.4990376212102834,0.922199519366879,0.9706668695945475,0.994295319427027,0.7551805111781904,0.9899701262684906,1.0,0.7925242470555397,0.9296009541951082,0.9422179075895176,0.9618040833783985,0.9841953973716124,0.9592374629319449
tango,0.961421333093176,0.8506350492654294,0.7524957831053906,0.7716206706652349,0.8258326551671489,0.8273097534434193,0.5764633581315267,0.9571912621832588,0.9041445359912592,0.8680797355686249,0.6662678256679722,0.9227623318207456,0.9394879295825347,0.7246750743972603,0.9400093908199401,0.9547801804855532,0.8922697679367119,0.7721247499220414,0.6913661179366282,0.8647982539833878,0.7744921578829975,0.8137782169276563,0.5422371910422243,0.7686953465594444,0.7289307090726862,0.8001678846273925,0.960841251058992,0.6278495406533797,0.7523749043200356,0.7200932492621717,0.7511467880615612,0.8273261051417655,0.7998667511147767,0.8047560346144089,0.9296475334549259,0.8499913372296242,0.8844238330795894,0.8573742621766193,0.7782343970909943,0.8875906921268679,0.8717406380230621,0.7691571894350803,0.5190070934369756,0.7585782843861626,0.676196919975089,0.9420651201547487,0.6717407875078655,0.7123911378687586,0.6831013498802225,0.6553569415924476,0.5983707045288602,0.8093898088910293,0.9895600785680964,0.7529148021672583,0.8096482515923129,0.9271716354754247,0.9014043669072507,0.8976023068388084,0.6700075975239425,0.7634234243834844,0.8192629185431581,0.7512212748950657,0.8338738614716267,0.7711682572428342,0.994351951009232,0.8479712006834965,0.8505376132168698,0.7959928447855009,0.794141394309283,0.8982652776506237,0.9140021481769247,0.6500681137784357,0.5728627190210752,0.7085829857344526,0.90844384994765,0.8173506779841345,0.953536943130628,0.891823952825022,0.7240500721656902,0.918387524049723,0.8756646315588308,0.905046417493389,0.7225312103080359,0.7050709713513064,0.8853634253249664,0.7216985294498621,0.7168017391177561,0.8820909436799887,0.7851911318403411,0.7787365259307628,0.8087716247425938,0.9488081759532211,0.8990753722301164,0.9854182661126485,0.9372809895802133,0.8887406951118529,0.903394403888698,0.8652524715415948,0.9770201407654334,0.9574217081620284,0.7538210574035402,0.6842392649326938,0.9574217081620284,0.9097602688853439,0.8318094738371762,0.8388451220940323,0.8685622852399525,0.7925242470555397,0.9999999999999999,0.7266177570023067,0.6525363039857208,0.8308854992160131,0.871131233353867,0.8469835591153272
techno,0.8428047550930597,0.9461490478241577,0.9189966712888544,0.9140574311103598,0.7532340107266079,0.9690787074298206,0.9342010962308753,0.871296829232312,0.8729157165179173,0.8749214089047226,0.9843470632265467,0.9266127615755768,0.75120723903077,0.9872012669573031,0.8580102114496084,0.8874046593167824,0.6612944355532776,0.9896117782694318,0.5080657306985903,0.839983833168658,0.8896501688609093,0.8411076512195775,0.9306917554775327,0.9758672310792008,0.9929200785453596,0.9250861352355433,0.8047324029947287,0.9778882092615478,0.9449709134887211,0.9427326684213541,0.9281591889994899,0.9190913662504132,0.9783701412786197,0.9158308220740796,0.869795924457211,0.7633621988714612,0.9415742715712354,0.8553557088640962,0.948410357544754,0.9567747091609978,0.8365624981869824,0.9391943032755979,0.9190289222500152,0.9545482330275936,0.9074331987738815,0.8138843101297946,0.9650700999037256,0.9063236149680456,0.9209674795079854,0.9464056039732123,0.9115826966104204,0.8841997396716934,0.768486385351036,0.9292327273104668,0.9598396099345299,0.8760823836144664,0.9025153303774458,0.8980703679549735,0.9519143567494872,0.9200431564377358,0.904396970940724,0.9055643147957879,0.8659015802023775,0.8927114043981358,0.7744136719367829,0.8729928495016042,0.8788726533097049,0.877747891721179,0.8698958837902366,0.8353230038199623,0.7607674165121154,0.9149107612034408,0.8977976434272023,0.989071184556604,0.847787813803482,0.7167269152241438,0.7193327840110426,0.7274441039948176,0.8026982779857037,0.852094401687189,0.8611970628662177,0.8416470106942783,0.9056546943338469,0.9696769147623179,0.9097631190022432,0.9042858218249743,0.8983402346856927,0.830651206048102,0.7974891092255976,0.8025227937570554,0.8883144814189089,0.8028891418472723,0.850595105604115,0.6645660681725317,0.8883791914160342,0.8299775843600594,0.8128242572378551,0.7393132700494983,0.7949645842519131,0.8300842052602575,0.8881570471747555,0.7006314482868867,0.8300842052602576,0.855283979161317,0.8931427318986305,0.8975672606075475,0.8865623682250799,0.9296009541951082,0.7266177570023067,1.0,0.9884413623955538,0.9825420143624114,0.902554131172913,0.9254494226227312
trance,0.8125944374486687,0.9346621540434636,0.9482646169130022,0.9422842163523338,0.6476648310686535,0.968959743873017,0.9738299160032002,0.8395319910327462,0.872273219035853,0.895139581350098,0.9923271374640583,0.9030540627655034,0.7654257220167167,0.9718338394388306,0.8246883339108254,0.8369321395153851,0.5483660118966605,0.9898473826572194,0.5889591260383129,0.8692130227515144,0.9170810986902675,0.8725266209609428,0.9762058856263897,0.977377018863486,0.9681978968936771,0.9332937606310692,0.7143727495719663,0.9966613023316204,0.9658969048911562,0.9727712781607678,0.9508716879303575,0.9312388635490819,0.9777534008394853,0.9364227435779554,0.8602311817698671,0.8116005867451086,0.9275061872256831,0.8740061937471473,0.9665196462818584,0.9356456766349238,0.8701827832503388,0.9652408362485616,0.9611955158498686,0.9737261129458745,0.9531766194046045,0.7146698444196651,0.9906405683951301,0.9455389210212566,0.9569483289850006,0.9795659049997887,0.9600894368760067,0.9046866224173794,0.7077001994324695,0.9492489994165446,0.9168845444174469,0.8641611511916818,0.8962161862401156,0.8943737226014126,0.9810994804695539,0.9000312939556421,0.9177459729804556,0.9395463326495261,0.8978448078175176,0.9298108885707088,0.7114760721687237,0.8946629300769735,0.8797293534614468,0.9019714567610335,0.8960985788850956,0.8506063652741958,0.788481964263331,0.9585252430222122,0.9536293157003017,0.9603928834865297,0.856509638891284,0.6077471233103102,0.6536967202844151,0.7705673294270616,0.8671528191898372,0.766531757476735,0.8771948022773775,0.8518823105265831,0.9397093530714907,0.9872003349942164,0.9081803875520248,0.9418319133191333,0.9377461823720498,0.8543943455036012,0.8485503444369202,0.8529424270104129,0.9170856559985524,0.7910923023337895,0.8543198318510212,0.5954276006095551,0.852314438160255,0.8324085927078466,0.8270962982096817,0.7929803230570631,0.7576437583661428,0.804658181407568,0.9191914621069911,0.6406721450307574,0.804658181407568,0.8566968498136895,0.9144083276255062,0.8150479724937669,0.8991566203111534,0.9422179075895176,0.6525363039857208,0.9884413623955538,1.0,0.9638379456296614,0.908056415627312,0.937965698662371
trip-hop,0.9153983698993798,0.9847848218862292,0.9446165139168272,0.9445725602453194,0.7752220500472116,0.9899124132982873,0.8952507898486383,0.9431061022631742,0.9391416601777212,0.9308190386165998,0.9753224341841911,0.9754632531214957,0.8404734988383817,0.987095715790628,0.9322410042372818,0.9442970177397798,0.7271809425654572,0.990533295846681,0.5751394870820806,0.9043465027837301,0.9293700308816748,0.9018274150734362,0.8985169789053269,0.9840426485923485,0.979519372255437,0.9612184314315688,0.8710762138965668,0.9561474727331699,0.9601518379323122,0.9440363003359581,0.9500730560758227,0.9560790305053339,0.9898316738638164,0.9497575947537792,0.936071564411489,0.8454553420459983,0.9801104689034439,0.9185505687350529,0.969212805708646,0.9895067948549091,0.8933784603813875,0.9585949717749545,0.874925686193878,0.9679688341406376,0.9170403136917799,0.8727080968586508,0.9540731549267694,0.9283134996249456,0.9352074761575783,0.9381039543149563,0.9061917997547713,0.9312597652835592,0.8662501550486792,0.952002053002071,0.9564697181997934,0.9394395850182224,0.9558494860111396,0.9515417245840279,0.9493455693616593,0.9059324626599911,0.9481865795999487,0.9324752212064009,0.9195288507079254,0.9280042918940208,0.8677924661056428,0.9278473441278476,0.9354997223433625,0.9263188928420278,0.9197924503337099,0.9053834779896472,0.8413319609545014,0.9189504303009458,0.887058564659027,0.9610083289816476,0.9189990946092799,0.7443467227477097,0.7987220928336358,0.821953478427916,0.8553851841847462,0.8933968835839077,0.9219774441481459,0.9122637401860102,0.9318060505226371,0.9663064168126241,0.9630432060538932,0.9283877465470107,0.9242851288431195,0.9031455279869915,0.8627713034977523,0.8655782477495901,0.9326052344099462,0.8930106647829987,0.9230463920748887,0.7710115412860696,0.9448493820194965,0.9090906692041718,0.8949076474516475,0.8241218931205496,0.8801011881363022,0.9052020037376098,0.9283644527481316,0.6867944323256088,0.9052020037376098,0.9241638680100155,0.940349489902724,0.9089811307867058,0.94085556170627,0.9618040833783985,0.8308854992160131,0.9825420143624114,0.9638379456296614,1.0,0.9515458038898271,0.9526481608712853
turkish,0.9696120017765286,0.9744748425753106,0.9730857107102033,0.982110223027684,0.6312275179780371,0.9695891426743197,0.8303630747875645,0.9657253207518618,0.9911207217688967,0.9954400595765578,0.9297933084660164,0.9757495964332538,0.9705609157360866,0.9269332899504177,0.9742217710302405,0.9561228262339868,0.6429327378279459,0.949432997460655,0.6881787457548185,0.9941042995256912,0.9858764104366642,0.9883535877288538,0.8678144591505157,0.9706129166392781,0.8705673559639018,0.982226618554473,0.8264982065275828,0.9137483484445643,0.9794534892671567,0.9604931898276741,0.9806180613933712,0.9960220884391021,0.974251153232012,0.9931098820597013,0.9905165905724105,0.9804285288857719,0.9918359203516309,0.9949208234048171,0.9662130828809437,0.9639681758021551,0.9819636839277378,0.9711438968351553,0.79501717356655,0.9742847378313539,0.9456978057511853,0.7984668124906531,0.9382202764898606,0.9587025665339222,0.9565318680190773,0.9419592580311931,0.9147289548106043,0.9922282122776683,0.9151733672864735,0.9807653994010974,0.8163605546173747,0.9918882017317027,0.997248256561752,0.9979581199403379,0.9416792143897881,0.7695814681648991,0.9907442459534561,0.9667922513749136,0.9901314836756447,0.9740580285494012,0.9139702949531181,0.9961079540271685,0.98761708634688,0.9871477547481396,0.9871611517718856,0.9964243433307416,0.9808759644168066,0.9377219184902399,0.9045373662693647,0.8327817621217384,0.9873245861075675,0.5966336099204821,0.8211451032898256,0.9635329311338927,0.9659954853546793,0.8031010819697182,0.998392259670481,0.9935615630273934,0.9550758744748735,0.9562766068542724,0.9887949845618973,0.9602458836228258,0.9594944105789498,0.9923353361940539,0.9862050607571893,0.9849315397395912,0.9872900981167663,0.9670369193465022,0.9788762490718856,0.837700794744346,0.9747616003719055,0.9733856722129337,0.9707304912302049,0.9764821553684302,0.9409410635943987,0.9702212024770305,0.9686221429861744,0.507310945397484,0.9702212024770305,0.9935003674250502,0.9935684448951185,0.7532354587932001,0.9970674510739299,0.9841953973716124,0.871131233353867,0.902554131172913,0.908056415627312,0.9515458038898271,1.0,0.972500056330601
world-music,0.9489323851941325,0.9438990915659968,0.9622235504302092,0.9661777189055574,0.7219810264775623,0.9744064706682697,0.8975648069796783,0.9444516788354071,0.955640669592392,0.9770511549549792,0.9371394939993288,0.973580337299466,0.9460754780888576,0.9138901942473432,0.9226876307081846,0.9341483992291438,0.6961832794639604,0.9630570600229744,0.6974246508401267,0.9646561487660384,0.9498954261228783,0.9318861771156676,0.9067654056469454,0.9580155213366204,0.8900018589389274,0.9471064208208188,0.8527405068371183,0.9415658325548368,0.9751422180374676,0.9752165763701308,0.9629180223624829,0.9707069892418624,0.9717236516209873,0.9731813686412276,0.9648815064321534,0.9317591045245199,0.970643886711227,0.9455967499164487,0.9665577671827996,0.971200396566412,0.9867430122413017,0.9753173705681707,0.8595492598703809,0.972403020289006,0.9541731356065724,0.8248871561348866,0.960651674462542,0.9528752320860951,0.947405560469158,0.9582604365039941,0.930164623687783,0.9497077739487076,0.8802583666774227,0.9591588047671034,0.8775409315757688,0.9648333176658044,0.9721624660339203,0.9715407452043785,0.9509154135648273,0.867084137548636,0.9481055356931852,0.9541968816416393,0.9646477590289785,0.9610737953016945,0.8934955931805195,0.9582359982299213,0.9300590511793958,0.943272002680277,0.9406362821067477,0.9584227199913329,0.9569904602636072,0.9447247273219306,0.9241253815829016,0.8690286217946018,0.9626004820235808,0.6903144613634208,0.8631188895619197,0.9291916140596435,0.9285718522478522,0.8537796132085486,0.9613036586207853,0.957537460974426,0.9442279484642351,0.9600373733160938,0.9699604878313067,0.9512027544681642,0.9489717773948956,0.9524685686560714,0.9320365416960188,0.9309569565821583,0.9650017267161131,0.9268663320268802,0.9395057380781144,0.8343188805957986,0.942896143075246,0.9177967748127234,0.938396215324055,0.9428451903079441,0.9309294392862777,0.9457644077056537,0.9402815705343024,0.6439961475910525,0.945764407705654,0.957648404565233,0.9664953862678569,0.7960467508792373,0.9677060969216134,0.9592374629319449,0.8469835591153272,0.9254494226227312,0.937965698662371,0.9526481608712853,0.972500056330601,1.0
